ISO-10303-21;
HEADER;
/* Generated by software containing ST-Developer
 * from STEP Tools, Inc. (www.steptools.com) 
 */

FILE_DESCRIPTION(
/* description */ (''),
/* implementation_level */ '2;1');

FILE_NAME(
/* name */ 'keyboard_case.step',
/* time_stamp */ '2026-06-19T22:04:53+05:30',
/* author */ (''),
/* organization */ (''),
/* preprocessor_version */ 'ST-DEVELOPER v20.1',
/* originating_system */ 'Autodesk Translation Framework v15.8.0.0',
/* authorisation */ '');

FILE_SCHEMA (('AUTOMOTIVE_DESIGN { 1 0 10303 214 3 1 1 }'));
ENDSEC;

DATA;
#10=MECHANICAL_DESIGN_GEOMETRIC_PRESENTATION_REPRESENTATION('',(#13,#14),
#4279);
#11=SHAPE_REPRESENTATION_RELATIONSHIP('SRR','None',#4286,#12);
#12=ADVANCED_BREP_SHAPE_REPRESENTATION('',(#15,#16),#4278);
#13=STYLED_ITEM('',(#4295),#15);
#14=STYLED_ITEM('',(#4295),#16);
#15=MANIFOLD_SOLID_BREP('Body1',#2606);
#16=MANIFOLD_SOLID_BREP('Body2',#2607);
#17=ELLIPSE('',#2713,7.07106781186548,5.);
#18=ELLIPSE('',#2717,7.07106781186548,5.);
#19=ELLIPSE('',#2719,7.07106781186547,5.);
#20=ELLIPSE('',#2720,6.34509107536289,5.);
#21=ELLIPSE('',#2725,7.07106781186548,5.);
#22=ELLIPSE('',#2729,7.07106781186548,5.);
#23=ELLIPSE('',#2746,3.09232921921325,3.);
#24=ELLIPSE('',#2749,3.09232921921325,3.);
#25=ELLIPSE('',#2770,5.15388203202208,5.);
#26=ELLIPSE('',#2772,7.07106781186547,5.);
#27=ELLIPSE('',#2779,5.15388203202208,5.);
#28=ELLIPSE('',#2785,5.03754912729424,5.);
#29=ELLIPSE('',#2788,5.03754912729424,5.);
#30=ELLIPSE('',#2790,6.34509107536289,5.);
#31=ELLIPSE('',#2791,5.03754912729424,5.);
#32=ELLIPSE('',#2792,5.03754912729424,5.);
#33=ELLIPSE('',#2821,5.03754912729424,5.);
#34=ELLIPSE('',#2823,5.03754912729424,5.);
#35=FACE_BOUND('',#307,.T.);
#36=FACE_BOUND('',#315,.T.);
#37=FACE_BOUND('',#322,.T.);
#38=FACE_BOUND('',#323,.T.);
#39=FACE_BOUND('',#324,.T.);
#40=FACE_BOUND('',#325,.T.);
#41=FACE_BOUND('',#326,.T.);
#42=FACE_BOUND('',#327,.T.);
#43=FACE_BOUND('',#328,.T.);
#44=FACE_BOUND('',#329,.T.);
#45=FACE_BOUND('',#330,.T.);
#46=FACE_BOUND('',#331,.T.);
#47=FACE_BOUND('',#332,.T.);
#48=FACE_BOUND('',#333,.T.);
#49=FACE_BOUND('',#334,.T.);
#50=FACE_BOUND('',#338,.T.);
#51=FACE_BOUND('',#347,.T.);
#52=FACE_BOUND('',#355,.T.);
#53=FACE_BOUND('',#362,.T.);
#54=FACE_BOUND('',#369,.T.);
#55=FACE_BOUND('',#376,.T.);
#56=FACE_BOUND('',#383,.T.);
#57=FACE_BOUND('',#391,.T.);
#58=FACE_BOUND('',#399,.T.);
#59=FACE_BOUND('',#405,.T.);
#60=FACE_BOUND('',#427,.T.);
#61=FACE_BOUND('',#428,.T.);
#62=FACE_BOUND('',#436,.T.);
#63=FACE_BOUND('',#439,.T.);
#64=FACE_BOUND('',#440,.T.);
#65=FACE_BOUND('',#441,.T.);
#66=FACE_BOUND('',#442,.T.);
#67=FACE_BOUND('',#443,.T.);
#68=FACE_BOUND('',#449,.T.);
#69=FACE_BOUND('',#462,.T.);
#70=PLANE('',#2624);
#71=PLANE('',#2625);
#72=PLANE('',#2626);
#73=PLANE('',#2628);
#74=PLANE('',#2629);
#75=PLANE('',#2630);
#76=PLANE('',#2634);
#77=PLANE('',#2635);
#78=PLANE('',#2636);
#79=PLANE('',#2637);
#80=PLANE('',#2639);
#81=PLANE('',#2640);
#82=PLANE('',#2642);
#83=PLANE('',#2660);
#84=PLANE('',#2663);
#85=PLANE('',#2664);
#86=PLANE('',#2665);
#87=PLANE('',#2666);
#88=PLANE('',#2667);
#89=PLANE('',#2668);
#90=PLANE('',#2669);
#91=PLANE('',#2674);
#92=PLANE('',#2675);
#93=PLANE('',#2676);
#94=PLANE('',#2677);
#95=PLANE('',#2678);
#96=PLANE('',#2679);
#97=PLANE('',#2682);
#98=PLANE('',#2683);
#99=PLANE('',#2684);
#100=PLANE('',#2685);
#101=PLANE('',#2686);
#102=PLANE('',#2689);
#103=PLANE('',#2690);
#104=PLANE('',#2691);
#105=PLANE('',#2692);
#106=PLANE('',#2693);
#107=PLANE('',#2696);
#108=PLANE('',#2697);
#109=PLANE('',#2698);
#110=PLANE('',#2699);
#111=PLANE('',#2701);
#112=PLANE('',#2704);
#113=PLANE('',#2705);
#114=PLANE('',#2706);
#115=PLANE('',#2707);
#116=PLANE('',#2708);
#117=PLANE('',#2711);
#118=PLANE('',#2712);
#119=PLANE('',#2714);
#120=PLANE('',#2715);
#121=PLANE('',#2716);
#122=PLANE('',#2723);
#123=PLANE('',#2724);
#124=PLANE('',#2726);
#125=PLANE('',#2727);
#126=PLANE('',#2728);
#127=PLANE('',#2730);
#128=PLANE('',#2733);
#129=PLANE('',#2734);
#130=PLANE('',#2735);
#131=PLANE('',#2736);
#132=PLANE('',#2737);
#133=PLANE('',#2738);
#134=PLANE('',#2740);
#135=PLANE('',#2741);
#136=PLANE('',#2743);
#137=PLANE('',#2744);
#138=PLANE('',#2747);
#139=PLANE('',#2752);
#140=PLANE('',#2755);
#141=PLANE('',#2759);
#142=PLANE('',#2762);
#143=PLANE('',#2765);
#144=PLANE('',#2766);
#145=PLANE('',#2767);
#146=PLANE('',#2771);
#147=PLANE('',#2774);
#148=PLANE('',#2777);
#149=PLANE('',#2778);
#150=PLANE('',#2781);
#151=PLANE('',#2786);
#152=PLANE('',#2789);
#153=PLANE('',#2793);
#154=PLANE('',#2794);
#155=PLANE('',#2795);
#156=PLANE('',#2796);
#157=PLANE('',#2799);
#158=PLANE('',#2804);
#159=PLANE('',#2806);
#160=PLANE('',#2807);
#161=PLANE('',#2811);
#162=PLANE('',#2814);
#163=PLANE('',#2815);
#164=PLANE('',#2816);
#165=PLANE('',#2817);
#166=PLANE('',#2824);
#167=PLANE('',#2825);
#168=PLANE('',#2826);
#169=PLANE('',#2827);
#170=PLANE('',#2828);
#171=FACE_OUTER_BOUND('',#305,.T.);
#172=FACE_OUTER_BOUND('',#306,.T.);
#173=FACE_OUTER_BOUND('',#308,.T.);
#174=FACE_OUTER_BOUND('',#309,.T.);
#175=FACE_OUTER_BOUND('',#310,.T.);
#176=FACE_OUTER_BOUND('',#311,.T.);
#177=FACE_OUTER_BOUND('',#312,.T.);
#178=FACE_OUTER_BOUND('',#313,.T.);
#179=FACE_OUTER_BOUND('',#314,.T.);
#180=FACE_OUTER_BOUND('',#316,.T.);
#181=FACE_OUTER_BOUND('',#317,.T.);
#182=FACE_OUTER_BOUND('',#318,.T.);
#183=FACE_OUTER_BOUND('',#319,.T.);
#184=FACE_OUTER_BOUND('',#320,.T.);
#185=FACE_OUTER_BOUND('',#321,.T.);
#186=FACE_OUTER_BOUND('',#335,.T.);
#187=FACE_OUTER_BOUND('',#336,.T.);
#188=FACE_OUTER_BOUND('',#337,.T.);
#189=FACE_OUTER_BOUND('',#339,.T.);
#190=FACE_OUTER_BOUND('',#340,.T.);
#191=FACE_OUTER_BOUND('',#341,.T.);
#192=FACE_OUTER_BOUND('',#342,.T.);
#193=FACE_OUTER_BOUND('',#343,.T.);
#194=FACE_OUTER_BOUND('',#344,.T.);
#195=FACE_OUTER_BOUND('',#345,.T.);
#196=FACE_OUTER_BOUND('',#346,.T.);
#197=FACE_OUTER_BOUND('',#348,.T.);
#198=FACE_OUTER_BOUND('',#349,.T.);
#199=FACE_OUTER_BOUND('',#350,.T.);
#200=FACE_OUTER_BOUND('',#351,.T.);
#201=FACE_OUTER_BOUND('',#352,.T.);
#202=FACE_OUTER_BOUND('',#353,.T.);
#203=FACE_OUTER_BOUND('',#354,.T.);
#204=FACE_OUTER_BOUND('',#356,.T.);
#205=FACE_OUTER_BOUND('',#357,.T.);
#206=FACE_OUTER_BOUND('',#358,.T.);
#207=FACE_OUTER_BOUND('',#359,.T.);
#208=FACE_OUTER_BOUND('',#360,.T.);
#209=FACE_OUTER_BOUND('',#361,.T.);
#210=FACE_OUTER_BOUND('',#363,.T.);
#211=FACE_OUTER_BOUND('',#364,.T.);
#212=FACE_OUTER_BOUND('',#365,.T.);
#213=FACE_OUTER_BOUND('',#366,.T.);
#214=FACE_OUTER_BOUND('',#367,.T.);
#215=FACE_OUTER_BOUND('',#368,.T.);
#216=FACE_OUTER_BOUND('',#370,.T.);
#217=FACE_OUTER_BOUND('',#371,.T.);
#218=FACE_OUTER_BOUND('',#372,.T.);
#219=FACE_OUTER_BOUND('',#373,.T.);
#220=FACE_OUTER_BOUND('',#374,.T.);
#221=FACE_OUTER_BOUND('',#375,.T.);
#222=FACE_OUTER_BOUND('',#377,.T.);
#223=FACE_OUTER_BOUND('',#378,.T.);
#224=FACE_OUTER_BOUND('',#379,.T.);
#225=FACE_OUTER_BOUND('',#380,.T.);
#226=FACE_OUTER_BOUND('',#381,.T.);
#227=FACE_OUTER_BOUND('',#382,.T.);
#228=FACE_OUTER_BOUND('',#384,.T.);
#229=FACE_OUTER_BOUND('',#385,.T.);
#230=FACE_OUTER_BOUND('',#386,.T.);
#231=FACE_OUTER_BOUND('',#387,.T.);
#232=FACE_OUTER_BOUND('',#388,.T.);
#233=FACE_OUTER_BOUND('',#389,.T.);
#234=FACE_OUTER_BOUND('',#390,.T.);
#235=FACE_OUTER_BOUND('',#392,.T.);
#236=FACE_OUTER_BOUND('',#393,.T.);
#237=FACE_OUTER_BOUND('',#394,.T.);
#238=FACE_OUTER_BOUND('',#395,.T.);
#239=FACE_OUTER_BOUND('',#396,.T.);
#240=FACE_OUTER_BOUND('',#397,.T.);
#241=FACE_OUTER_BOUND('',#398,.T.);
#242=FACE_OUTER_BOUND('',#400,.T.);
#243=FACE_OUTER_BOUND('',#401,.T.);
#244=FACE_OUTER_BOUND('',#402,.T.);
#245=FACE_OUTER_BOUND('',#403,.T.);
#246=FACE_OUTER_BOUND('',#404,.T.);
#247=FACE_OUTER_BOUND('',#406,.T.);
#248=FACE_OUTER_BOUND('',#407,.T.);
#249=FACE_OUTER_BOUND('',#408,.T.);
#250=FACE_OUTER_BOUND('',#409,.T.);
#251=FACE_OUTER_BOUND('',#410,.T.);
#252=FACE_OUTER_BOUND('',#411,.T.);
#253=FACE_OUTER_BOUND('',#412,.T.);
#254=FACE_OUTER_BOUND('',#413,.T.);
#255=FACE_OUTER_BOUND('',#414,.T.);
#256=FACE_OUTER_BOUND('',#415,.T.);
#257=FACE_OUTER_BOUND('',#416,.T.);
#258=FACE_OUTER_BOUND('',#417,.T.);
#259=FACE_OUTER_BOUND('',#418,.T.);
#260=FACE_OUTER_BOUND('',#419,.T.);
#261=FACE_OUTER_BOUND('',#420,.T.);
#262=FACE_OUTER_BOUND('',#421,.T.);
#263=FACE_OUTER_BOUND('',#422,.T.);
#264=FACE_OUTER_BOUND('',#423,.T.);
#265=FACE_OUTER_BOUND('',#424,.T.);
#266=FACE_OUTER_BOUND('',#425,.T.);
#267=FACE_OUTER_BOUND('',#426,.T.);
#268=FACE_OUTER_BOUND('',#429,.T.);
#269=FACE_OUTER_BOUND('',#430,.T.);
#270=FACE_OUTER_BOUND('',#431,.T.);
#271=FACE_OUTER_BOUND('',#432,.T.);
#272=FACE_OUTER_BOUND('',#433,.T.);
#273=FACE_OUTER_BOUND('',#434,.T.);
#274=FACE_OUTER_BOUND('',#435,.T.);
#275=FACE_OUTER_BOUND('',#437,.T.);
#276=FACE_OUTER_BOUND('',#438,.T.);
#277=FACE_OUTER_BOUND('',#444,.T.);
#278=FACE_OUTER_BOUND('',#445,.T.);
#279=FACE_OUTER_BOUND('',#446,.T.);
#280=FACE_OUTER_BOUND('',#447,.T.);
#281=FACE_OUTER_BOUND('',#448,.T.);
#282=FACE_OUTER_BOUND('',#450,.T.);
#283=FACE_OUTER_BOUND('',#451,.T.);
#284=FACE_OUTER_BOUND('',#452,.T.);
#285=FACE_OUTER_BOUND('',#453,.T.);
#286=FACE_OUTER_BOUND('',#454,.T.);
#287=FACE_OUTER_BOUND('',#455,.T.);
#288=FACE_OUTER_BOUND('',#456,.T.);
#289=FACE_OUTER_BOUND('',#457,.T.);
#290=FACE_OUTER_BOUND('',#458,.T.);
#291=FACE_OUTER_BOUND('',#459,.T.);
#292=FACE_OUTER_BOUND('',#460,.T.);
#293=FACE_OUTER_BOUND('',#461,.T.);
#294=FACE_OUTER_BOUND('',#463,.T.);
#295=FACE_OUTER_BOUND('',#464,.T.);
#296=FACE_OUTER_BOUND('',#465,.T.);
#297=FACE_OUTER_BOUND('',#466,.T.);
#298=FACE_OUTER_BOUND('',#467,.T.);
#299=FACE_OUTER_BOUND('',#468,.T.);
#300=FACE_OUTER_BOUND('',#469,.T.);
#301=FACE_OUTER_BOUND('',#470,.T.);
#302=FACE_OUTER_BOUND('',#471,.T.);
#303=FACE_OUTER_BOUND('',#472,.T.);
#304=FACE_OUTER_BOUND('',#473,.T.);
#305=EDGE_LOOP('',(#1713,#1714,#1715,#1716));
#306=EDGE_LOOP('',(#1717,#1718,#1719,#1720));
#307=EDGE_LOOP('',(#1721));
#308=EDGE_LOOP('',(#1722,#1723,#1724,#1725));
#309=EDGE_LOOP('',(#1726,#1727,#1728,#1729));
#310=EDGE_LOOP('',(#1730,#1731,#1732,#1733,#1734));
#311=EDGE_LOOP('',(#1735,#1736,#1737,#1738));
#312=EDGE_LOOP('',(#1739,#1740,#1741,#1742));
#313=EDGE_LOOP('',(#1743,#1744,#1745,#1746));
#314=EDGE_LOOP('',(#1747,#1748,#1749,#1750));
#315=EDGE_LOOP('',(#1751));
#316=EDGE_LOOP('',(#1752,#1753,#1754,#1755));
#317=EDGE_LOOP('',(#1756,#1757,#1758,#1759,#1760));
#318=EDGE_LOOP('',(#1761,#1762,#1763,#1764));
#319=EDGE_LOOP('',(#1765,#1766,#1767,#1768));
#320=EDGE_LOOP('',(#1769,#1770,#1771,#1772));
#321=EDGE_LOOP('',(#1773,#1774,#1775,#1776,#1777,#1778,#1779,#1780));
#322=EDGE_LOOP('',(#1781,#1782,#1783,#1784,#1785,#1786,#1787));
#323=EDGE_LOOP('',(#1788));
#324=EDGE_LOOP('',(#1789));
#325=EDGE_LOOP('',(#1790));
#326=EDGE_LOOP('',(#1791));
#327=EDGE_LOOP('',(#1792));
#328=EDGE_LOOP('',(#1793));
#329=EDGE_LOOP('',(#1794));
#330=EDGE_LOOP('',(#1795));
#331=EDGE_LOOP('',(#1796));
#332=EDGE_LOOP('',(#1797));
#333=EDGE_LOOP('',(#1798));
#334=EDGE_LOOP('',(#1799));
#335=EDGE_LOOP('',(#1800,#1801,#1802,#1803));
#336=EDGE_LOOP('',(#1804,#1805,#1806,#1807));
#337=EDGE_LOOP('',(#1808,#1809,#1810,#1811));
#338=EDGE_LOOP('',(#1812));
#339=EDGE_LOOP('',(#1813,#1814,#1815,#1816,#1817));
#340=EDGE_LOOP('',(#1818,#1819,#1820,#1821));
#341=EDGE_LOOP('',(#1822,#1823,#1824,#1825));
#342=EDGE_LOOP('',(#1826,#1827,#1828,#1829,#1830));
#343=EDGE_LOOP('',(#1831,#1832,#1833,#1834));
#344=EDGE_LOOP('',(#1835,#1836,#1837,#1838,#1839,#1840,#1841,#1842,#1843,
#1844));
#345=EDGE_LOOP('',(#1845,#1846,#1847,#1848));
#346=EDGE_LOOP('',(#1849,#1850,#1851,#1852));
#347=EDGE_LOOP('',(#1853));
#348=EDGE_LOOP('',(#1854,#1855,#1856,#1857));
#349=EDGE_LOOP('',(#1858,#1859,#1860,#1861));
#350=EDGE_LOOP('',(#1862,#1863,#1864,#1865));
#351=EDGE_LOOP('',(#1866,#1867,#1868,#1869));
#352=EDGE_LOOP('',(#1870,#1871,#1872,#1873,#1874,#1875,#1876,#1877,#1878,
#1879,#1880,#1881));
#353=EDGE_LOOP('',(#1882,#1883,#1884,#1885));
#354=EDGE_LOOP('',(#1886,#1887,#1888,#1889));
#355=EDGE_LOOP('',(#1890));
#356=EDGE_LOOP('',(#1891,#1892,#1893,#1894));
#357=EDGE_LOOP('',(#1895,#1896,#1897,#1898));
#358=EDGE_LOOP('',(#1899,#1900,#1901,#1902));
#359=EDGE_LOOP('',(#1903,#1904,#1905,#1906));
#360=EDGE_LOOP('',(#1907,#1908,#1909,#1910));
#361=EDGE_LOOP('',(#1911,#1912,#1913,#1914));
#362=EDGE_LOOP('',(#1915));
#363=EDGE_LOOP('',(#1916,#1917,#1918,#1919));
#364=EDGE_LOOP('',(#1920,#1921,#1922,#1923));
#365=EDGE_LOOP('',(#1924,#1925,#1926,#1927));
#366=EDGE_LOOP('',(#1928,#1929,#1930,#1931));
#367=EDGE_LOOP('',(#1932,#1933,#1934,#1935));
#368=EDGE_LOOP('',(#1936,#1937,#1938,#1939));
#369=EDGE_LOOP('',(#1940));
#370=EDGE_LOOP('',(#1941,#1942,#1943,#1944));
#371=EDGE_LOOP('',(#1945,#1946,#1947,#1948));
#372=EDGE_LOOP('',(#1949,#1950,#1951,#1952));
#373=EDGE_LOOP('',(#1953,#1954,#1955,#1956));
#374=EDGE_LOOP('',(#1957,#1958,#1959,#1960));
#375=EDGE_LOOP('',(#1961,#1962,#1963,#1964));
#376=EDGE_LOOP('',(#1965));
#377=EDGE_LOOP('',(#1966,#1967,#1968,#1969));
#378=EDGE_LOOP('',(#1970,#1971,#1972,#1973));
#379=EDGE_LOOP('',(#1974,#1975,#1976,#1977));
#380=EDGE_LOOP('',(#1978,#1979,#1980,#1981));
#381=EDGE_LOOP('',(#1982,#1983,#1984,#1985));
#382=EDGE_LOOP('',(#1986,#1987,#1988,#1989));
#383=EDGE_LOOP('',(#1990));
#384=EDGE_LOOP('',(#1991,#1992,#1993,#1994,#1995));
#385=EDGE_LOOP('',(#1996,#1997,#1998,#1999));
#386=EDGE_LOOP('',(#2000,#2001,#2002,#2003));
#387=EDGE_LOOP('',(#2004,#2005,#2006,#2007,#2008));
#388=EDGE_LOOP('',(#2009,#2010,#2011,#2012,#2013,#2014,#2015,#2016));
#389=EDGE_LOOP('',(#2017,#2018,#2019,#2020));
#390=EDGE_LOOP('',(#2021,#2022,#2023,#2024));
#391=EDGE_LOOP('',(#2025));
#392=EDGE_LOOP('',(#2026,#2027,#2028,#2029,#2030));
#393=EDGE_LOOP('',(#2031,#2032,#2033,#2034));
#394=EDGE_LOOP('',(#2035,#2036,#2037,#2038));
#395=EDGE_LOOP('',(#2039,#2040,#2041,#2042,#2043));
#396=EDGE_LOOP('',(#2044,#2045,#2046,#2047,#2048,#2049,#2050,#2051,#2052,
#2053,#2054,#2055,#2056,#2057,#2058,#2059,#2060,#2061,#2062,#2063));
#397=EDGE_LOOP('',(#2064,#2065,#2066,#2067));
#398=EDGE_LOOP('',(#2068,#2069,#2070,#2071));
#399=EDGE_LOOP('',(#2072));
#400=EDGE_LOOP('',(#2073,#2074,#2075,#2076));
#401=EDGE_LOOP('',(#2077,#2078,#2079,#2080));
#402=EDGE_LOOP('',(#2081,#2082,#2083,#2084));
#403=EDGE_LOOP('',(#2085,#2086,#2087,#2088));
#404=EDGE_LOOP('',(#2089,#2090,#2091,#2092));
#405=EDGE_LOOP('',(#2093));
#406=EDGE_LOOP('',(#2094,#2095,#2096,#2097));
#407=EDGE_LOOP('',(#2098,#2099,#2100,#2101));
#408=EDGE_LOOP('',(#2102,#2103,#2104,#2105));
#409=EDGE_LOOP('',(#2106,#2107,#2108,#2109));
#410=EDGE_LOOP('',(#2110,#2111,#2112,#2113));
#411=EDGE_LOOP('',(#2114,#2115,#2116,#2117));
#412=EDGE_LOOP('',(#2118,#2119,#2120,#2121));
#413=EDGE_LOOP('',(#2122,#2123,#2124,#2125));
#414=EDGE_LOOP('',(#2126,#2127,#2128,#2129));
#415=EDGE_LOOP('',(#2130,#2131,#2132,#2133));
#416=EDGE_LOOP('',(#2134,#2135,#2136,#2137));
#417=EDGE_LOOP('',(#2138,#2139,#2140,#2141,#2142,#2143,#2144,#2145,#2146,
#2147,#2148));
#418=EDGE_LOOP('',(#2149,#2150,#2151,#2152));
#419=EDGE_LOOP('',(#2153,#2154,#2155,#2156));
#420=EDGE_LOOP('',(#2157,#2158,#2159,#2160));
#421=EDGE_LOOP('',(#2161,#2162,#2163,#2164,#2165,#2166,#2167,#2168,#2169,
#2170,#2171,#2172));
#422=EDGE_LOOP('',(#2173,#2174,#2175,#2176));
#423=EDGE_LOOP('',(#2177,#2178,#2179,#2180));
#424=EDGE_LOOP('',(#2181,#2182,#2183,#2184));
#425=EDGE_LOOP('',(#2185,#2186,#2187,#2188));
#426=EDGE_LOOP('',(#2189,#2190,#2191,#2192,#2193,#2194,#2195,#2196,#2197,
#2198,#2199,#2200));
#427=EDGE_LOOP('',(#2201,#2202,#2203,#2204));
#428=EDGE_LOOP('',(#2205,#2206,#2207,#2208));
#429=EDGE_LOOP('',(#2209,#2210,#2211,#2212,#2213,#2214,#2215,#2216));
#430=EDGE_LOOP('',(#2217,#2218,#2219,#2220));
#431=EDGE_LOOP('',(#2221,#2222,#2223,#2224,#2225,#2226,#2227,#2228,#2229,
#2230,#2231,#2232));
#432=EDGE_LOOP('',(#2233,#2234,#2235,#2236));
#433=EDGE_LOOP('',(#2237,#2238,#2239,#2240,#2241,#2242,#2243,#2244));
#434=EDGE_LOOP('',(#2245,#2246,#2247,#2248));
#435=EDGE_LOOP('',(#2249,#2250,#2251,#2252));
#436=EDGE_LOOP('',(#2253,#2254,#2255,#2256));
#437=EDGE_LOOP('',(#2257,#2258,#2259,#2260));
#438=EDGE_LOOP('',(#2261,#2262,#2263,#2264,#2265,#2266,#2267,#2268,#2269,
#2270,#2271,#2272,#2273,#2274,#2275,#2276,#2277,#2278));
#439=EDGE_LOOP('',(#2279,#2280,#2281,#2282));
#440=EDGE_LOOP('',(#2283,#2284,#2285,#2286));
#441=EDGE_LOOP('',(#2287,#2288,#2289,#2290));
#442=EDGE_LOOP('',(#2291,#2292,#2293,#2294));
#443=EDGE_LOOP('',(#2295,#2296,#2297,#2298));
#444=EDGE_LOOP('',(#2299,#2300,#2301,#2302,#2303,#2304,#2305,#2306));
#445=EDGE_LOOP('',(#2307,#2308,#2309,#2310));
#446=EDGE_LOOP('',(#2311,#2312,#2313,#2314));
#447=EDGE_LOOP('',(#2315,#2316,#2317,#2318));
#448=EDGE_LOOP('',(#2319,#2320,#2321,#2322));
#449=EDGE_LOOP('',(#2323,#2324,#2325,#2326));
#450=EDGE_LOOP('',(#2327,#2328,#2329,#2330,#2331));
#451=EDGE_LOOP('',(#2332,#2333,#2334,#2335,#2336,#2337,#2338,#2339));
#452=EDGE_LOOP('',(#2340,#2341,#2342,#2343));
#453=EDGE_LOOP('',(#2344,#2345,#2346,#2347));
#454=EDGE_LOOP('',(#2348,#2349,#2350,#2351));
#455=EDGE_LOOP('',(#2352,#2353,#2354,#2355));
#456=EDGE_LOOP('',(#2356,#2357,#2358,#2359));
#457=EDGE_LOOP('',(#2360,#2361,#2362,#2363));
#458=EDGE_LOOP('',(#2364,#2365,#2366,#2367));
#459=EDGE_LOOP('',(#2368,#2369,#2370,#2371));
#460=EDGE_LOOP('',(#2372,#2373,#2374,#2375,#2376));
#461=EDGE_LOOP('',(#2377,#2378,#2379,#2380));
#462=EDGE_LOOP('',(#2381,#2382,#2383,#2384));
#463=EDGE_LOOP('',(#2385,#2386,#2387,#2388));
#464=EDGE_LOOP('',(#2389,#2390,#2391));
#465=EDGE_LOOP('',(#2392,#2393,#2394));
#466=EDGE_LOOP('',(#2395,#2396,#2397,#2398,#2399,#2400,#2401,#2402,#2403,
#2404));
#467=EDGE_LOOP('',(#2405,#2406,#2407,#2408));
#468=EDGE_LOOP('',(#2409,#2410,#2411,#2412));
#469=EDGE_LOOP('',(#2413,#2414,#2415,#2416));
#470=EDGE_LOOP('',(#2417,#2418,#2419,#2420,#2421,#2422));
#471=EDGE_LOOP('',(#2423,#2424,#2425,#2426,#2427,#2428,#2429,#2430));
#472=EDGE_LOOP('',(#2431,#2432,#2433,#2434));
#473=EDGE_LOOP('',(#2435,#2436,#2437,#2438));
#474=LINE('',#3541,#763);
#475=LINE('',#3546,#764);
#476=LINE('',#3548,#765);
#477=LINE('',#3550,#766);
#478=LINE('',#3551,#767);
#479=LINE('',#3554,#768);
#480=LINE('',#3556,#769);
#481=LINE('',#3557,#770);
#482=LINE('',#3560,#771);
#483=LINE('',#3565,#772);
#484=LINE('',#3567,#773);
#485=LINE('',#3569,#774);
#486=LINE('',#3571,#775);
#487=LINE('',#3572,#776);
#488=LINE('',#3575,#777);
#489=LINE('',#3576,#778);
#490=LINE('',#3580,#779);
#491=LINE('',#3582,#780);
#492=LINE('',#3584,#781);
#493=LINE('',#3585,#782);
#494=LINE('',#3590,#783);
#495=LINE('',#3595,#784);
#496=LINE('',#3597,#785);
#497=LINE('',#3599,#786);
#498=LINE('',#3600,#787);
#499=LINE('',#3603,#788);
#500=LINE('',#3605,#789);
#501=LINE('',#3606,#790);
#502=LINE('',#3610,#791);
#503=LINE('',#3612,#792);
#504=LINE('',#3614,#793);
#505=LINE('',#3616,#794);
#506=LINE('',#3617,#795);
#507=LINE('',#3620,#796);
#508=LINE('',#3624,#797);
#509=LINE('',#3625,#798);
#510=LINE('',#3632,#799);
#511=LINE('',#3637,#800);
#512=LINE('',#3640,#801);
#513=LINE('',#3644,#802);
#514=LINE('',#3648,#803);
#515=LINE('',#3673,#804);
#516=LINE('',#3674,#805);
#517=LINE('',#3675,#806);
#518=LINE('',#3678,#807);
#519=LINE('',#3683,#808);
#520=LINE('',#3685,#809);
#521=LINE('',#3687,#810);
#522=LINE('',#3688,#811);
#523=LINE('',#3691,#812);
#524=LINE('',#3693,#813);
#525=LINE('',#3695,#814);
#526=LINE('',#3696,#815);
#527=LINE('',#3699,#816);
#528=LINE('',#3700,#817);
#529=LINE('',#3703,#818);
#530=LINE('',#3705,#819);
#531=LINE('',#3706,#820);
#532=LINE('',#3709,#821);
#533=LINE('',#3711,#822);
#534=LINE('',#3712,#823);
#535=LINE('',#3715,#824);
#536=LINE('',#3717,#825);
#537=LINE('',#3718,#826);
#538=LINE('',#3721,#827);
#539=LINE('',#3723,#828);
#540=LINE('',#3727,#829);
#541=LINE('',#3731,#830);
#542=LINE('',#3732,#831);
#543=LINE('',#3735,#832);
#544=LINE('',#3740,#833);
#545=LINE('',#3742,#834);
#546=LINE('',#3744,#835);
#547=LINE('',#3745,#836);
#548=LINE('',#3748,#837);
#549=LINE('',#3750,#838);
#550=LINE('',#3751,#839);
#551=LINE('',#3754,#840);
#552=LINE('',#3755,#841);
#553=LINE('',#3758,#842);
#554=LINE('',#3759,#843);
#555=LINE('',#3761,#844);
#556=LINE('',#3764,#845);
#557=LINE('',#3766,#846);
#558=LINE('',#3768,#847);
#559=LINE('',#3770,#848);
#560=LINE('',#3772,#849);
#561=LINE('',#3774,#850);
#562=LINE('',#3776,#851);
#563=LINE('',#3778,#852);
#564=LINE('',#3780,#853);
#565=LINE('',#3781,#854);
#566=LINE('',#3784,#855);
#567=LINE('',#3789,#856);
#568=LINE('',#3791,#857);
#569=LINE('',#3793,#858);
#570=LINE('',#3794,#859);
#571=LINE('',#3797,#860);
#572=LINE('',#3799,#861);
#573=LINE('',#3800,#862);
#574=LINE('',#3803,#863);
#575=LINE('',#3804,#864);
#576=LINE('',#3807,#865);
#577=LINE('',#3808,#866);
#578=LINE('',#3810,#867);
#579=LINE('',#3813,#868);
#580=LINE('',#3818,#869);
#581=LINE('',#3820,#870);
#582=LINE('',#3822,#871);
#583=LINE('',#3823,#872);
#584=LINE('',#3826,#873);
#585=LINE('',#3828,#874);
#586=LINE('',#3829,#875);
#587=LINE('',#3832,#876);
#588=LINE('',#3833,#877);
#589=LINE('',#3836,#878);
#590=LINE('',#3838,#879);
#591=LINE('',#3839,#880);
#592=LINE('',#3842,#881);
#593=LINE('',#3843,#882);
#594=LINE('',#3846,#883);
#595=LINE('',#3851,#884);
#596=LINE('',#3853,#885);
#597=LINE('',#3855,#886);
#598=LINE('',#3856,#887);
#599=LINE('',#3859,#888);
#600=LINE('',#3861,#889);
#601=LINE('',#3862,#890);
#602=LINE('',#3865,#891);
#603=LINE('',#3866,#892);
#604=LINE('',#3871,#893);
#605=LINE('',#3872,#894);
#606=LINE('',#3875,#895);
#607=LINE('',#3880,#896);
#608=LINE('',#3882,#897);
#609=LINE('',#3884,#898);
#610=LINE('',#3885,#899);
#611=LINE('',#3888,#900);
#612=LINE('',#3890,#901);
#613=LINE('',#3891,#902);
#614=LINE('',#3894,#903);
#615=LINE('',#3895,#904);
#616=LINE('',#3897,#905);
#617=LINE('',#3900,#906);
#618=LINE('',#3901,#907);
#619=LINE('',#3904,#908);
#620=LINE('',#3909,#909);
#621=LINE('',#3911,#910);
#622=LINE('',#3913,#911);
#623=LINE('',#3914,#912);
#624=LINE('',#3917,#913);
#625=LINE('',#3919,#914);
#626=LINE('',#3922,#915);
#627=LINE('',#3925,#916);
#628=LINE('',#3926,#917);
#629=LINE('',#3929,#918);
#630=LINE('',#3930,#919);
#631=LINE('',#3934,#920);
#632=LINE('',#3937,#921);
#633=LINE('',#3941,#922);
#634=LINE('',#3944,#923);
#635=LINE('',#3947,#924);
#636=LINE('',#3952,#925);
#637=LINE('',#3954,#926);
#638=LINE('',#3956,#927);
#639=LINE('',#3957,#928);
#640=LINE('',#3960,#929);
#641=LINE('',#3964,#930);
#642=LINE('',#3965,#931);
#643=LINE('',#3968,#932);
#644=LINE('',#3969,#933);
#645=LINE('',#3972,#934);
#646=LINE('',#3973,#935);
#647=LINE('',#3976,#936);
#648=LINE('',#3980,#937);
#649=LINE('',#3982,#938);
#650=LINE('',#3983,#939);
#651=LINE('',#3985,#940);
#652=LINE('',#3986,#941);
#653=LINE('',#3988,#942);
#654=LINE('',#3989,#943);
#655=LINE('',#3990,#944);
#656=LINE('',#3993,#945);
#657=LINE('',#3998,#946);
#658=LINE('',#4000,#947);
#659=LINE('',#4002,#948);
#660=LINE('',#4003,#949);
#661=LINE('',#4006,#950);
#662=LINE('',#4008,#951);
#663=LINE('',#4009,#952);
#664=LINE('',#4012,#953);
#665=LINE('',#4013,#954);
#666=LINE('',#4016,#955);
#667=LINE('',#4017,#956);
#668=LINE('',#4019,#957);
#669=LINE('',#4023,#958);
#670=LINE('',#4025,#959);
#671=LINE('',#4027,#960);
#672=LINE('',#4028,#961);
#673=LINE('',#4033,#962);
#674=LINE('',#4035,#963);
#675=LINE('',#4036,#964);
#676=LINE('',#4039,#965);
#677=LINE('',#4040,#966);
#678=LINE('',#4042,#967);
#679=LINE('',#4045,#968);
#680=LINE('',#4046,#969);
#681=LINE('',#4048,#970);
#682=LINE('',#4052,#971);
#683=LINE('',#4058,#972);
#684=LINE('',#4066,#973);
#685=LINE('',#4068,#974);
#686=LINE('',#4069,#975);
#687=LINE('',#4075,#976);
#688=LINE('',#4077,#977);
#689=LINE('',#4081,#978);
#690=LINE('',#4085,#979);
#691=LINE('',#4086,#980);
#692=LINE('',#4089,#981);
#693=LINE('',#4090,#982);
#694=LINE('',#4093,#983);
#695=LINE('',#4094,#984);
#696=LINE('',#4096,#985);
#697=LINE('',#4102,#986);
#698=LINE('',#4105,#987);
#699=LINE('',#4108,#988);
#700=LINE('',#4110,#989);
#701=LINE('',#4111,#990);
#702=LINE('',#4115,#991);
#703=LINE('',#4117,#992);
#704=LINE('',#4119,#993);
#705=LINE('',#4122,#994);
#706=LINE('',#4124,#995);
#707=LINE('',#4126,#996);
#708=LINE('',#4128,#997);
#709=LINE('',#4134,#998);
#710=LINE('',#4135,#999);
#711=LINE('',#4139,#1000);
#712=LINE('',#4141,#1001);
#713=LINE('',#4148,#1002);
#714=LINE('',#4149,#1003);
#715=LINE('',#4153,#1004);
#716=LINE('',#4156,#1005);
#717=LINE('',#4157,#1006);
#718=LINE('',#4160,#1007);
#719=LINE('',#4162,#1008);
#720=LINE('',#4164,#1009);
#721=LINE('',#4165,#1010);
#722=LINE('',#4170,#1011);
#723=LINE('',#4172,#1012);
#724=LINE('',#4175,#1013);
#725=LINE('',#4179,#1014);
#726=LINE('',#4182,#1015);
#727=LINE('',#4184,#1016);
#728=LINE('',#4185,#1017);
#729=LINE('',#4187,#1018);
#730=LINE('',#4188,#1019);
#731=LINE('',#4190,#1020);
#732=LINE('',#4191,#1021);
#733=LINE('',#4197,#1022);
#734=LINE('',#4199,#1023);
#735=LINE('',#4204,#1024);
#736=LINE('',#4205,#1025);
#737=LINE('',#4207,#1026);
#738=LINE('',#4209,#1027);
#739=LINE('',#4216,#1028);
#740=LINE('',#4223,#1029);
#741=LINE('',#4225,#1030);
#742=LINE('',#4227,#1031);
#743=LINE('',#4228,#1032);
#744=LINE('',#4231,#1033);
#745=LINE('',#4232,#1034);
#746=LINE('',#4235,#1035);
#747=LINE('',#4236,#1036);
#748=LINE('',#4239,#1037);
#749=LINE('',#4241,#1038);
#750=LINE('',#4245,#1039);
#751=LINE('',#4249,#1040);
#752=LINE('',#4250,#1041);
#753=LINE('',#4253,#1042);
#754=LINE('',#4256,#1043);
#755=LINE('',#4259,#1044);
#756=LINE('',#4262,#1045);
#757=LINE('',#4265,#1046);
#758=LINE('',#4266,#1047);
#759=LINE('',#4269,#1048);
#760=LINE('',#4270,#1049);
#761=LINE('',#4271,#1050);
#762=LINE('',#4273,#1051);
#763=VECTOR('',#2835,0.8115);
#764=VECTOR('',#2840,10.);
#765=VECTOR('',#2841,10.);
#766=VECTOR('',#2842,10.);
#767=VECTOR('',#2843,10.);
#768=VECTOR('',#2846,10.);
#769=VECTOR('',#2847,10.);
#770=VECTOR('',#2848,10.);
#771=VECTOR('',#2851,10.);
#772=VECTOR('',#2856,10.);
#773=VECTOR('',#2857,10.);
#774=VECTOR('',#2858,10.);
#775=VECTOR('',#2859,10.);
#776=VECTOR('',#2860,10.);
#777=VECTOR('',#2863,10.);
#778=VECTOR('',#2864,10.);
#779=VECTOR('',#2867,10.);
#780=VECTOR('',#2868,10.);
#781=VECTOR('',#2869,10.);
#782=VECTOR('',#2870,10.);
#783=VECTOR('',#2875,0.8115);
#784=VECTOR('',#2880,10.);
#785=VECTOR('',#2881,10.);
#786=VECTOR('',#2882,10.);
#787=VECTOR('',#2883,10.);
#788=VECTOR('',#2886,10.);
#789=VECTOR('',#2887,10.);
#790=VECTOR('',#2888,10.);
#791=VECTOR('',#2891,10.);
#792=VECTOR('',#2892,10.);
#793=VECTOR('',#2893,10.);
#794=VECTOR('',#2894,10.);
#795=VECTOR('',#2895,10.);
#796=VECTOR('',#2898,10.);
#797=VECTOR('',#2903,10.);
#798=VECTOR('',#2904,10.);
#799=VECTOR('',#2913,10.);
#800=VECTOR('',#2918,10.);
#801=VECTOR('',#2921,10.);
#802=VECTOR('',#2924,10.);
#803=VECTOR('',#2927,10.);
#804=VECTOR('',#2952,10.);
#805=VECTOR('',#2953,10.);
#806=VECTOR('',#2954,10.);
#807=VECTOR('',#2957,0.8115);
#808=VECTOR('',#2962,10.);
#809=VECTOR('',#2963,10.);
#810=VECTOR('',#2964,10.);
#811=VECTOR('',#2965,10.);
#812=VECTOR('',#2968,10.);
#813=VECTOR('',#2969,10.);
#814=VECTOR('',#2970,10.);
#815=VECTOR('',#2971,10.);
#816=VECTOR('',#2974,10.);
#817=VECTOR('',#2975,10.);
#818=VECTOR('',#2978,10.);
#819=VECTOR('',#2979,10.);
#820=VECTOR('',#2980,10.);
#821=VECTOR('',#2983,10.);
#822=VECTOR('',#2984,10.);
#823=VECTOR('',#2985,10.);
#824=VECTOR('',#2988,10.);
#825=VECTOR('',#2989,10.);
#826=VECTOR('',#2990,10.);
#827=VECTOR('',#2993,10.);
#828=VECTOR('',#2994,10.);
#829=VECTOR('',#2997,10.);
#830=VECTOR('',#3000,10.);
#831=VECTOR('',#3001,10.);
#832=VECTOR('',#3004,0.8115);
#833=VECTOR('',#3009,10.);
#834=VECTOR('',#3010,10.);
#835=VECTOR('',#3011,10.);
#836=VECTOR('',#3012,10.);
#837=VECTOR('',#3015,10.);
#838=VECTOR('',#3016,10.);
#839=VECTOR('',#3017,10.);
#840=VECTOR('',#3020,10.);
#841=VECTOR('',#3021,10.);
#842=VECTOR('',#3024,10.);
#843=VECTOR('',#3025,10.);
#844=VECTOR('',#3028,10.);
#845=VECTOR('',#3031,10.);
#846=VECTOR('',#3032,10.);
#847=VECTOR('',#3033,10.);
#848=VECTOR('',#3034,10.);
#849=VECTOR('',#3035,10.);
#850=VECTOR('',#3036,10.);
#851=VECTOR('',#3037,10.);
#852=VECTOR('',#3038,10.);
#853=VECTOR('',#3039,10.);
#854=VECTOR('',#3040,10.);
#855=VECTOR('',#3043,0.8115);
#856=VECTOR('',#3048,10.);
#857=VECTOR('',#3049,10.);
#858=VECTOR('',#3050,10.);
#859=VECTOR('',#3051,10.);
#860=VECTOR('',#3054,10.);
#861=VECTOR('',#3055,10.);
#862=VECTOR('',#3056,10.);
#863=VECTOR('',#3059,10.);
#864=VECTOR('',#3060,10.);
#865=VECTOR('',#3063,10.);
#866=VECTOR('',#3064,10.);
#867=VECTOR('',#3067,10.);
#868=VECTOR('',#3070,0.8115);
#869=VECTOR('',#3075,10.);
#870=VECTOR('',#3076,10.);
#871=VECTOR('',#3077,10.);
#872=VECTOR('',#3078,10.);
#873=VECTOR('',#3081,10.);
#874=VECTOR('',#3082,10.);
#875=VECTOR('',#3083,10.);
#876=VECTOR('',#3086,10.);
#877=VECTOR('',#3087,10.);
#878=VECTOR('',#3090,10.);
#879=VECTOR('',#3091,10.);
#880=VECTOR('',#3092,10.);
#881=VECTOR('',#3095,10.);
#882=VECTOR('',#3096,10.);
#883=VECTOR('',#3099,0.8115);
#884=VECTOR('',#3104,10.);
#885=VECTOR('',#3105,10.);
#886=VECTOR('',#3106,10.);
#887=VECTOR('',#3107,10.);
#888=VECTOR('',#3110,10.);
#889=VECTOR('',#3111,10.);
#890=VECTOR('',#3112,10.);
#891=VECTOR('',#3115,10.);
#892=VECTOR('',#3116,10.);
#893=VECTOR('',#3123,10.);
#894=VECTOR('',#3124,10.);
#895=VECTOR('',#3127,0.8115);
#896=VECTOR('',#3132,10.);
#897=VECTOR('',#3133,10.);
#898=VECTOR('',#3134,10.);
#899=VECTOR('',#3135,10.);
#900=VECTOR('',#3138,10.);
#901=VECTOR('',#3139,10.);
#902=VECTOR('',#3140,10.);
#903=VECTOR('',#3143,10.);
#904=VECTOR('',#3144,10.);
#905=VECTOR('',#3147,10.);
#906=VECTOR('',#3150,10.);
#907=VECTOR('',#3151,10.);
#908=VECTOR('',#3154,0.8115);
#909=VECTOR('',#3159,10.);
#910=VECTOR('',#3160,10.);
#911=VECTOR('',#3161,10.);
#912=VECTOR('',#3162,10.);
#913=VECTOR('',#3165,10.);
#914=VECTOR('',#3166,10.);
#915=VECTOR('',#3169,10.);
#916=VECTOR('',#3172,10.);
#917=VECTOR('',#3173,10.);
#918=VECTOR('',#3176,10.);
#919=VECTOR('',#3177,10.);
#920=VECTOR('',#3182,10.);
#921=VECTOR('',#3185,10.);
#922=VECTOR('',#3188,10.);
#923=VECTOR('',#3191,10.);
#924=VECTOR('',#3194,0.8115);
#925=VECTOR('',#3199,10.);
#926=VECTOR('',#3200,10.);
#927=VECTOR('',#3201,10.);
#928=VECTOR('',#3202,10.);
#929=VECTOR('',#3205,10.);
#930=VECTOR('',#3208,10.);
#931=VECTOR('',#3209,10.);
#932=VECTOR('',#3212,10.);
#933=VECTOR('',#3213,10.);
#934=VECTOR('',#3216,10.);
#935=VECTOR('',#3217,10.);
#936=VECTOR('',#3220,10.);
#937=VECTOR('',#3225,10.);
#938=VECTOR('',#3226,10.);
#939=VECTOR('',#3227,10.);
#940=VECTOR('',#3228,10.);
#941=VECTOR('',#3229,10.);
#942=VECTOR('',#3230,10.);
#943=VECTOR('',#3231,10.);
#944=VECTOR('',#3232,10.);
#945=VECTOR('',#3235,0.8115);
#946=VECTOR('',#3240,10.);
#947=VECTOR('',#3241,10.);
#948=VECTOR('',#3242,10.);
#949=VECTOR('',#3243,10.);
#950=VECTOR('',#3246,10.);
#951=VECTOR('',#3247,10.);
#952=VECTOR('',#3248,10.);
#953=VECTOR('',#3251,10.);
#954=VECTOR('',#3252,10.);
#955=VECTOR('',#3255,10.);
#956=VECTOR('',#3256,10.);
#957=VECTOR('',#3259,10.);
#958=VECTOR('',#3262,10.);
#959=VECTOR('',#3263,10.);
#960=VECTOR('',#3264,10.);
#961=VECTOR('',#3265,10.);
#962=VECTOR('',#3270,10.);
#963=VECTOR('',#3271,10.);
#964=VECTOR('',#3272,10.);
#965=VECTOR('',#3275,10.);
#966=VECTOR('',#3276,10.);
#967=VECTOR('',#3279,0.8115);
#968=VECTOR('',#3282,10.);
#969=VECTOR('',#3283,10.);
#970=VECTOR('',#3286,10.);
#971=VECTOR('',#3293,10.);
#972=VECTOR('',#3304,10.);
#973=VECTOR('',#3317,10.);
#974=VECTOR('',#3318,10.);
#975=VECTOR('',#3319,10.);
#976=VECTOR('',#3328,10.);
#977=VECTOR('',#3329,10.);
#978=VECTOR('',#3332,10.);
#979=VECTOR('',#3335,10.);
#980=VECTOR('',#3336,10.);
#981=VECTOR('',#3339,10.);
#982=VECTOR('',#3340,10.);
#983=VECTOR('',#3343,10.);
#984=VECTOR('',#3344,10.);
#985=VECTOR('',#3347,10.);
#986=VECTOR('',#3352,10.);
#987=VECTOR('',#3355,10.);
#988=VECTOR('',#3358,10.);
#989=VECTOR('',#3359,10.);
#990=VECTOR('',#3360,10.);
#991=VECTOR('',#3363,10.);
#992=VECTOR('',#3364,10.);
#993=VECTOR('',#3365,10.);
#994=VECTOR('',#3368,10.);
#995=VECTOR('',#3371,10.);
#996=VECTOR('',#3372,10.);
#997=VECTOR('',#3373,10.);
#998=VECTOR('',#3380,10.);
#999=VECTOR('',#3381,10.);
#1000=VECTOR('',#3386,10.);
#1001=VECTOR('',#3389,10.);
#1002=VECTOR('',#3396,10.);
#1003=VECTOR('',#3397,10.);
#1004=VECTOR('',#3402,10.);
#1005=VECTOR('',#3405,10.);
#1006=VECTOR('',#3406,10.);
#1007=VECTOR('',#3407,10.);
#1008=VECTOR('',#3408,10.);
#1009=VECTOR('',#3409,10.);
#1010=VECTOR('',#3410,10.);
#1011=VECTOR('',#3417,10.);
#1012=VECTOR('',#3418,10.);
#1013=VECTOR('',#3421,10.);
#1014=VECTOR('',#3424,10.);
#1015=VECTOR('',#3427,10.);
#1016=VECTOR('',#3428,10.);
#1017=VECTOR('',#3429,10.);
#1018=VECTOR('',#3432,10.);
#1019=VECTOR('',#3433,10.);
#1020=VECTOR('',#3436,10.);
#1021=VECTOR('',#3437,10.);
#1022=VECTOR('',#3446,10.);
#1023=VECTOR('',#3449,10.);
#1024=VECTOR('',#3458,10.);
#1025=VECTOR('',#3459,10.);
#1026=VECTOR('',#3462,10.);
#1027=VECTOR('',#3465,10.);
#1028=VECTOR('',#3476,10.);
#1029=VECTOR('',#3485,10.);
#1030=VECTOR('',#3486,10.);
#1031=VECTOR('',#3487,10.);
#1032=VECTOR('',#3488,10.);
#1033=VECTOR('',#3491,10.);
#1034=VECTOR('',#3492,10.);
#1035=VECTOR('',#3495,10.);
#1036=VECTOR('',#3496,10.);
#1037=VECTOR('',#3499,10.);
#1038=VECTOR('',#3500,10.);
#1039=VECTOR('',#3503,10.);
#1040=VECTOR('',#3506,10.);
#1041=VECTOR('',#3507,10.);
#1042=VECTOR('',#3510,10.);
#1043=VECTOR('',#3513,10.);
#1044=VECTOR('',#3516,10.);
#1045=VECTOR('',#3519,10.);
#1046=VECTOR('',#3522,10.);
#1047=VECTOR('',#3523,10.);
#1048=VECTOR('',#3526,10.);
#1049=VECTOR('',#3527,10.);
#1050=VECTOR('',#3528,10.);
#1051=VECTOR('',#3531,10.);
#1052=CIRCLE('',#2622,0.8115);
#1053=CIRCLE('',#2623,0.8115);
#1054=CIRCLE('',#2627,119.506462677606);
#1055=CIRCLE('',#2632,0.8115);
#1056=CIRCLE('',#2633,0.8115);
#1057=CIRCLE('',#2638,119.506462677606);
#1058=CIRCLE('',#2641,119.506462677606);
#1059=CIRCLE('',#2643,3.);
#1060=CIRCLE('',#2644,3.);
#1061=CIRCLE('',#2645,3.);
#1062=CIRCLE('',#2646,3.);
#1063=CIRCLE('',#2647,1.5);
#1064=CIRCLE('',#2648,1.5);
#1065=CIRCLE('',#2649,1.5);
#1066=CIRCLE('',#2650,0.8115);
#1067=CIRCLE('',#2651,0.8115);
#1068=CIRCLE('',#2652,0.8115);
#1069=CIRCLE('',#2653,0.8115);
#1070=CIRCLE('',#2654,0.8115);
#1071=CIRCLE('',#2655,0.8115);
#1072=CIRCLE('',#2656,0.8115);
#1073=CIRCLE('',#2657,0.8115);
#1074=CIRCLE('',#2658,0.8115);
#1075=CIRCLE('',#2659,0.8115);
#1076=CIRCLE('',#2662,0.8115);
#1077=CIRCLE('',#2670,5.);
#1078=CIRCLE('',#2671,5.);
#1079=CIRCLE('',#2673,0.8115);
#1080=CIRCLE('',#2681,0.8115);
#1081=CIRCLE('',#2688,0.8115);
#1082=CIRCLE('',#2695,0.8115);
#1083=CIRCLE('',#2700,119.506462677606);
#1084=CIRCLE('',#2703,0.8115);
#1085=CIRCLE('',#2710,0.8115);
#1086=CIRCLE('',#2722,0.8115);
#1087=CIRCLE('',#2732,0.8115);
#1088=CIRCLE('',#2739,0.8115);
#1089=CIRCLE('',#2751,3.);
#1090=CIRCLE('',#2754,3.);
#1091=CIRCLE('',#2756,1.49999999999999);
#1092=CIRCLE('',#2757,1.49999999999999);
#1093=CIRCLE('',#2758,1.49999999999999);
#1094=CIRCLE('',#2763,5.);
#1095=CIRCLE('',#2764,5.);
#1096=CIRCLE('',#2769,5.);
#1097=CIRCLE('',#2773,5.);
#1098=CIRCLE('',#2775,20.);
#1099=CIRCLE('',#2776,119.506462677606);
#1100=CIRCLE('',#2782,119.506462677606);
#1101=CIRCLE('',#2783,20.);
#1102=CIRCLE('',#2798,119.506462677606);
#1103=CIRCLE('',#2800,20.);
#1104=CIRCLE('',#2810,20.);
#1105=CIRCLE('',#2812,119.506462677606);
#1106=CIRCLE('',#2818,5.);
#1107=CIRCLE('',#2819,5.);
#1108=VERTEX_POINT('',#3538);
#1109=VERTEX_POINT('',#3540);
#1110=VERTEX_POINT('',#3544);
#1111=VERTEX_POINT('',#3545);
#1112=VERTEX_POINT('',#3547);
#1113=VERTEX_POINT('',#3549);
#1114=VERTEX_POINT('',#3553);
#1115=VERTEX_POINT('',#3555);
#1116=VERTEX_POINT('',#3559);
#1117=VERTEX_POINT('',#3563);
#1118=VERTEX_POINT('',#3564);
#1119=VERTEX_POINT('',#3566);
#1120=VERTEX_POINT('',#3568);
#1121=VERTEX_POINT('',#3570);
#1122=VERTEX_POINT('',#3574);
#1123=VERTEX_POINT('',#3578);
#1124=VERTEX_POINT('',#3579);
#1125=VERTEX_POINT('',#3581);
#1126=VERTEX_POINT('',#3583);
#1127=VERTEX_POINT('',#3587);
#1128=VERTEX_POINT('',#3589);
#1129=VERTEX_POINT('',#3593);
#1130=VERTEX_POINT('',#3594);
#1131=VERTEX_POINT('',#3596);
#1132=VERTEX_POINT('',#3598);
#1133=VERTEX_POINT('',#3602);
#1134=VERTEX_POINT('',#3604);
#1135=VERTEX_POINT('',#3608);
#1136=VERTEX_POINT('',#3609);
#1137=VERTEX_POINT('',#3611);
#1138=VERTEX_POINT('',#3613);
#1139=VERTEX_POINT('',#3615);
#1140=VERTEX_POINT('',#3619);
#1141=VERTEX_POINT('',#3623);
#1142=VERTEX_POINT('',#3629);
#1143=VERTEX_POINT('',#3631);
#1144=VERTEX_POINT('',#3634);
#1145=VERTEX_POINT('',#3636);
#1146=VERTEX_POINT('',#3639);
#1147=VERTEX_POINT('',#3641);
#1148=VERTEX_POINT('',#3643);
#1149=VERTEX_POINT('',#3645);
#1150=VERTEX_POINT('',#3647);
#1151=VERTEX_POINT('',#3650);
#1152=VERTEX_POINT('',#3652);
#1153=VERTEX_POINT('',#3654);
#1154=VERTEX_POINT('',#3656);
#1155=VERTEX_POINT('',#3658);
#1156=VERTEX_POINT('',#3660);
#1157=VERTEX_POINT('',#3662);
#1158=VERTEX_POINT('',#3664);
#1159=VERTEX_POINT('',#3666);
#1160=VERTEX_POINT('',#3668);
#1161=VERTEX_POINT('',#3671);
#1162=VERTEX_POINT('',#3672);
#1163=VERTEX_POINT('',#3677);
#1164=VERTEX_POINT('',#3681);
#1165=VERTEX_POINT('',#3682);
#1166=VERTEX_POINT('',#3684);
#1167=VERTEX_POINT('',#3686);
#1168=VERTEX_POINT('',#3690);
#1169=VERTEX_POINT('',#3692);
#1170=VERTEX_POINT('',#3694);
#1171=VERTEX_POINT('',#3698);
#1172=VERTEX_POINT('',#3702);
#1173=VERTEX_POINT('',#3704);
#1174=VERTEX_POINT('',#3708);
#1175=VERTEX_POINT('',#3710);
#1176=VERTEX_POINT('',#3714);
#1177=VERTEX_POINT('',#3716);
#1178=VERTEX_POINT('',#3720);
#1179=VERTEX_POINT('',#3722);
#1180=VERTEX_POINT('',#3724);
#1181=VERTEX_POINT('',#3726);
#1182=VERTEX_POINT('',#3728);
#1183=VERTEX_POINT('',#3730);
#1184=VERTEX_POINT('',#3734);
#1185=VERTEX_POINT('',#3738);
#1186=VERTEX_POINT('',#3739);
#1187=VERTEX_POINT('',#3741);
#1188=VERTEX_POINT('',#3743);
#1189=VERTEX_POINT('',#3747);
#1190=VERTEX_POINT('',#3749);
#1191=VERTEX_POINT('',#3753);
#1192=VERTEX_POINT('',#3757);
#1193=VERTEX_POINT('',#3763);
#1194=VERTEX_POINT('',#3765);
#1195=VERTEX_POINT('',#3767);
#1196=VERTEX_POINT('',#3769);
#1197=VERTEX_POINT('',#3771);
#1198=VERTEX_POINT('',#3773);
#1199=VERTEX_POINT('',#3775);
#1200=VERTEX_POINT('',#3777);
#1201=VERTEX_POINT('',#3779);
#1202=VERTEX_POINT('',#3783);
#1203=VERTEX_POINT('',#3787);
#1204=VERTEX_POINT('',#3788);
#1205=VERTEX_POINT('',#3790);
#1206=VERTEX_POINT('',#3792);
#1207=VERTEX_POINT('',#3796);
#1208=VERTEX_POINT('',#3798);
#1209=VERTEX_POINT('',#3802);
#1210=VERTEX_POINT('',#3806);
#1211=VERTEX_POINT('',#3812);
#1212=VERTEX_POINT('',#3816);
#1213=VERTEX_POINT('',#3817);
#1214=VERTEX_POINT('',#3819);
#1215=VERTEX_POINT('',#3821);
#1216=VERTEX_POINT('',#3825);
#1217=VERTEX_POINT('',#3827);
#1218=VERTEX_POINT('',#3831);
#1219=VERTEX_POINT('',#3835);
#1220=VERTEX_POINT('',#3837);
#1221=VERTEX_POINT('',#3841);
#1222=VERTEX_POINT('',#3845);
#1223=VERTEX_POINT('',#3849);
#1224=VERTEX_POINT('',#3850);
#1225=VERTEX_POINT('',#3852);
#1226=VERTEX_POINT('',#3854);
#1227=VERTEX_POINT('',#3858);
#1228=VERTEX_POINT('',#3860);
#1229=VERTEX_POINT('',#3864);
#1230=VERTEX_POINT('',#3870);
#1231=VERTEX_POINT('',#3874);
#1232=VERTEX_POINT('',#3878);
#1233=VERTEX_POINT('',#3879);
#1234=VERTEX_POINT('',#3881);
#1235=VERTEX_POINT('',#3883);
#1236=VERTEX_POINT('',#3887);
#1237=VERTEX_POINT('',#3889);
#1238=VERTEX_POINT('',#3893);
#1239=VERTEX_POINT('',#3899);
#1240=VERTEX_POINT('',#3903);
#1241=VERTEX_POINT('',#3907);
#1242=VERTEX_POINT('',#3908);
#1243=VERTEX_POINT('',#3910);
#1244=VERTEX_POINT('',#3912);
#1245=VERTEX_POINT('',#3916);
#1246=VERTEX_POINT('',#3918);
#1247=VERTEX_POINT('',#3920);
#1248=VERTEX_POINT('',#3924);
#1249=VERTEX_POINT('',#3928);
#1250=VERTEX_POINT('',#3932);
#1251=VERTEX_POINT('',#3936);
#1252=VERTEX_POINT('',#3938);
#1253=VERTEX_POINT('',#3940);
#1254=VERTEX_POINT('',#3942);
#1255=VERTEX_POINT('',#3946);
#1256=VERTEX_POINT('',#3950);
#1257=VERTEX_POINT('',#3951);
#1258=VERTEX_POINT('',#3953);
#1259=VERTEX_POINT('',#3955);
#1260=VERTEX_POINT('',#3959);
#1261=VERTEX_POINT('',#3961);
#1262=VERTEX_POINT('',#3963);
#1263=VERTEX_POINT('',#3967);
#1264=VERTEX_POINT('',#3971);
#1265=VERTEX_POINT('',#3975);
#1266=VERTEX_POINT('',#3979);
#1267=VERTEX_POINT('',#3981);
#1268=VERTEX_POINT('',#3984);
#1269=VERTEX_POINT('',#3987);
#1270=VERTEX_POINT('',#3992);
#1271=VERTEX_POINT('',#3996);
#1272=VERTEX_POINT('',#3997);
#1273=VERTEX_POINT('',#3999);
#1274=VERTEX_POINT('',#4001);
#1275=VERTEX_POINT('',#4005);
#1276=VERTEX_POINT('',#4007);
#1277=VERTEX_POINT('',#4011);
#1278=VERTEX_POINT('',#4015);
#1279=VERTEX_POINT('',#4021);
#1280=VERTEX_POINT('',#4022);
#1281=VERTEX_POINT('',#4024);
#1282=VERTEX_POINT('',#4026);
#1283=VERTEX_POINT('',#4029);
#1284=VERTEX_POINT('',#4032);
#1285=VERTEX_POINT('',#4034);
#1286=VERTEX_POINT('',#4038);
#1287=VERTEX_POINT('',#4044);
#1288=VERTEX_POINT('',#4065);
#1289=VERTEX_POINT('',#4067);
#1290=VERTEX_POINT('',#4074);
#1291=VERTEX_POINT('',#4076);
#1292=VERTEX_POINT('',#4078);
#1293=VERTEX_POINT('',#4080);
#1294=VERTEX_POINT('',#4082);
#1295=VERTEX_POINT('',#4084);
#1296=VERTEX_POINT('',#4088);
#1297=VERTEX_POINT('',#4092);
#1298=VERTEX_POINT('',#4098);
#1299=VERTEX_POINT('',#4099);
#1300=VERTEX_POINT('',#4101);
#1301=VERTEX_POINT('',#4103);
#1302=VERTEX_POINT('',#4107);
#1303=VERTEX_POINT('',#4109);
#1304=VERTEX_POINT('',#4112);
#1305=VERTEX_POINT('',#4114);
#1306=VERTEX_POINT('',#4116);
#1307=VERTEX_POINT('',#4118);
#1308=VERTEX_POINT('',#4120);
#1309=VERTEX_POINT('',#4125);
#1310=VERTEX_POINT('',#4127);
#1311=VERTEX_POINT('',#4129);
#1312=VERTEX_POINT('',#4133);
#1313=VERTEX_POINT('',#4137);
#1314=VERTEX_POINT('',#4143);
#1315=VERTEX_POINT('',#4145);
#1316=VERTEX_POINT('',#4147);
#1317=VERTEX_POINT('',#4151);
#1318=VERTEX_POINT('',#4155);
#1319=VERTEX_POINT('',#4158);
#1320=VERTEX_POINT('',#4159);
#1321=VERTEX_POINT('',#4161);
#1322=VERTEX_POINT('',#4163);
#1323=VERTEX_POINT('',#4169);
#1324=VERTEX_POINT('',#4171);
#1325=VERTEX_POINT('',#4174);
#1326=VERTEX_POINT('',#4176);
#1327=VERTEX_POINT('',#4178);
#1328=VERTEX_POINT('',#4180);
#1329=VERTEX_POINT('',#4183);
#1330=VERTEX_POINT('',#4195);
#1331=VERTEX_POINT('',#4214);
#1332=VERTEX_POINT('',#4221);
#1333=VERTEX_POINT('',#4222);
#1334=VERTEX_POINT('',#4224);
#1335=VERTEX_POINT('',#4226);
#1336=VERTEX_POINT('',#4230);
#1337=VERTEX_POINT('',#4234);
#1338=VERTEX_POINT('',#4238);
#1339=VERTEX_POINT('',#4240);
#1340=VERTEX_POINT('',#4242);
#1341=VERTEX_POINT('',#4244);
#1342=VERTEX_POINT('',#4246);
#1343=VERTEX_POINT('',#4248);
#1344=VERTEX_POINT('',#4252);
#1345=VERTEX_POINT('',#4254);
#1346=VERTEX_POINT('',#4258);
#1347=VERTEX_POINT('',#4260);
#1348=VERTEX_POINT('',#4264);
#1349=VERTEX_POINT('',#4268);
#1350=EDGE_CURVE('',#1108,#1108,#1052,.T.);
#1351=EDGE_CURVE('',#1108,#1109,#474,.T.);
#1352=EDGE_CURVE('',#1109,#1109,#1053,.T.);
#1353=EDGE_CURVE('',#1110,#1111,#475,.T.);
#1354=EDGE_CURVE('',#1112,#1110,#476,.T.);
#1355=EDGE_CURVE('',#1113,#1112,#477,.T.);
#1356=EDGE_CURVE('',#1111,#1113,#478,.T.);
#1357=EDGE_CURVE('',#1112,#1114,#479,.T.);
#1358=EDGE_CURVE('',#1115,#1114,#480,.T.);
#1359=EDGE_CURVE('',#1113,#1115,#481,.T.);
#1360=EDGE_CURVE('',#1110,#1116,#482,.T.);
#1361=EDGE_CURVE('',#1114,#1116,#1054,.T.);
#1362=EDGE_CURVE('',#1117,#1118,#483,.T.);
#1363=EDGE_CURVE('',#1119,#1118,#484,.T.);
#1364=EDGE_CURVE('',#1120,#1119,#485,.T.);
#1365=EDGE_CURVE('',#1121,#1120,#486,.T.);
#1366=EDGE_CURVE('',#1117,#1121,#487,.T.);
#1367=EDGE_CURVE('',#1111,#1122,#488,.T.);
#1368=EDGE_CURVE('',#1116,#1122,#489,.T.);
#1369=EDGE_CURVE('',#1123,#1124,#490,.T.);
#1370=EDGE_CURVE('',#1125,#1124,#491,.T.);
#1371=EDGE_CURVE('',#1125,#1126,#492,.T.);
#1372=EDGE_CURVE('',#1123,#1126,#493,.T.);
#1373=EDGE_CURVE('',#1127,#1127,#1055,.T.);
#1374=EDGE_CURVE('',#1127,#1128,#494,.T.);
#1375=EDGE_CURVE('',#1128,#1128,#1056,.T.);
#1376=EDGE_CURVE('',#1129,#1130,#495,.T.);
#1377=EDGE_CURVE('',#1131,#1129,#496,.T.);
#1378=EDGE_CURVE('',#1132,#1131,#497,.T.);
#1379=EDGE_CURVE('',#1130,#1132,#498,.T.);
#1380=EDGE_CURVE('',#1131,#1133,#499,.T.);
#1381=EDGE_CURVE('',#1134,#1133,#500,.T.);
#1382=EDGE_CURVE('',#1132,#1134,#501,.T.);
#1383=EDGE_CURVE('',#1135,#1136,#502,.T.);
#1384=EDGE_CURVE('',#1137,#1136,#503,.T.);
#1385=EDGE_CURVE('',#1138,#1137,#504,.T.);
#1386=EDGE_CURVE('',#1139,#1138,#505,.T.);
#1387=EDGE_CURVE('',#1135,#1139,#506,.T.);
#1388=EDGE_CURVE('',#1129,#1140,#507,.T.);
#1389=EDGE_CURVE('',#1133,#1140,#1057,.T.);
#1390=EDGE_CURVE('',#1130,#1141,#508,.T.);
#1391=EDGE_CURVE('',#1140,#1141,#509,.T.);
#1392=EDGE_CURVE('',#1141,#1134,#1058,.T.);
#1393=EDGE_CURVE('',#1117,#1142,#1059,.T.);
#1394=EDGE_CURVE('',#1143,#1142,#510,.T.);
#1395=EDGE_CURVE('',#1143,#1136,#1060,.T.);
#1396=EDGE_CURVE('',#1135,#1144,#1061,.T.);
#1397=EDGE_CURVE('',#1145,#1144,#511,.T.);
#1398=EDGE_CURVE('',#1145,#1118,#1062,.T.);
#1399=EDGE_CURVE('',#1146,#1123,#512,.T.);
#1400=EDGE_CURVE('',#1147,#1146,#1063,.T.);
#1401=EDGE_CURVE('',#1148,#1147,#513,.T.);
#1402=EDGE_CURVE('',#1149,#1148,#1064,.T.);
#1403=EDGE_CURVE('',#1150,#1149,#514,.T.);
#1404=EDGE_CURVE('',#1124,#1150,#1065,.T.);
#1405=EDGE_CURVE('',#1151,#1151,#1066,.T.);
#1406=EDGE_CURVE('',#1152,#1152,#1067,.T.);
#1407=EDGE_CURVE('',#1153,#1153,#1068,.T.);
#1408=EDGE_CURVE('',#1154,#1154,#1069,.T.);
#1409=EDGE_CURVE('',#1155,#1155,#1070,.T.);
#1410=EDGE_CURVE('',#1156,#1156,#1071,.T.);
#1411=EDGE_CURVE('',#1157,#1157,#1072,.T.);
#1412=EDGE_CURVE('',#1158,#1158,#1073,.T.);
#1413=EDGE_CURVE('',#1159,#1159,#1074,.T.);
#1414=EDGE_CURVE('',#1160,#1160,#1075,.T.);
#1415=EDGE_CURVE('',#1161,#1162,#515,.T.);
#1416=EDGE_CURVE('',#1148,#1162,#516,.T.);
#1417=EDGE_CURVE('',#1161,#1147,#517,.T.);
#1418=EDGE_CURVE('',#1160,#1163,#518,.T.);
#1419=EDGE_CURVE('',#1163,#1163,#1076,.T.);
#1420=EDGE_CURVE('',#1164,#1165,#519,.T.);
#1421=EDGE_CURVE('',#1166,#1164,#520,.T.);
#1422=EDGE_CURVE('',#1167,#1166,#521,.T.);
#1423=EDGE_CURVE('',#1165,#1167,#522,.T.);
#1424=EDGE_CURVE('',#1167,#1168,#523,.T.);
#1425=EDGE_CURVE('',#1169,#1168,#524,.T.);
#1426=EDGE_CURVE('',#1170,#1169,#525,.T.);
#1427=EDGE_CURVE('',#1165,#1170,#526,.T.);
#1428=EDGE_CURVE('',#1166,#1171,#527,.T.);
#1429=EDGE_CURVE('',#1168,#1171,#528,.T.);
#1430=EDGE_CURVE('',#1172,#1142,#529,.T.);
#1431=EDGE_CURVE('',#1173,#1172,#530,.T.);
#1432=EDGE_CURVE('',#1143,#1173,#531,.T.);
#1433=EDGE_CURVE('',#1164,#1174,#532,.T.);
#1434=EDGE_CURVE('',#1175,#1174,#533,.T.);
#1435=EDGE_CURVE('',#1171,#1175,#534,.T.);
#1436=EDGE_CURVE('',#1176,#1149,#535,.T.);
#1437=EDGE_CURVE('',#1176,#1177,#536,.T.);
#1438=EDGE_CURVE('',#1150,#1177,#537,.T.);
#1439=EDGE_CURVE('',#1178,#1175,#538,.T.);
#1440=EDGE_CURVE('',#1179,#1178,#539,.T.);
#1441=EDGE_CURVE('',#1179,#1180,#1077,.T.);
#1442=EDGE_CURVE('',#1181,#1180,#540,.T.);
#1443=EDGE_CURVE('',#1181,#1182,#1078,.T.);
#1444=EDGE_CURVE('',#1183,#1182,#541,.T.);
#1445=EDGE_CURVE('',#1169,#1183,#542,.T.);
#1446=EDGE_CURVE('',#1159,#1184,#543,.T.);
#1447=EDGE_CURVE('',#1184,#1184,#1079,.T.);
#1448=EDGE_CURVE('',#1185,#1186,#544,.T.);
#1449=EDGE_CURVE('',#1187,#1185,#545,.T.);
#1450=EDGE_CURVE('',#1188,#1187,#546,.T.);
#1451=EDGE_CURVE('',#1186,#1188,#547,.T.);
#1452=EDGE_CURVE('',#1187,#1189,#548,.T.);
#1453=EDGE_CURVE('',#1190,#1189,#549,.T.);
#1454=EDGE_CURVE('',#1188,#1190,#550,.T.);
#1455=EDGE_CURVE('',#1185,#1191,#551,.T.);
#1456=EDGE_CURVE('',#1189,#1191,#552,.T.);
#1457=EDGE_CURVE('',#1192,#1190,#553,.T.);
#1458=EDGE_CURVE('',#1186,#1192,#554,.T.);
#1459=EDGE_CURVE('',#1191,#1192,#555,.T.);
#1460=EDGE_CURVE('',#1126,#1193,#556,.T.);
#1461=EDGE_CURVE('',#1193,#1194,#557,.T.);
#1462=EDGE_CURVE('',#1194,#1195,#558,.T.);
#1463=EDGE_CURVE('',#1195,#1196,#559,.T.);
#1464=EDGE_CURVE('',#1196,#1197,#560,.T.);
#1465=EDGE_CURVE('',#1197,#1198,#561,.T.);
#1466=EDGE_CURVE('',#1198,#1199,#562,.T.);
#1467=EDGE_CURVE('',#1200,#1199,#563,.T.);
#1468=EDGE_CURVE('',#1200,#1201,#564,.T.);
#1469=EDGE_CURVE('',#1146,#1201,#565,.T.);
#1470=EDGE_CURVE('',#1158,#1202,#566,.T.);
#1471=EDGE_CURVE('',#1202,#1202,#1080,.T.);
#1472=EDGE_CURVE('',#1203,#1204,#567,.T.);
#1473=EDGE_CURVE('',#1205,#1203,#568,.T.);
#1474=EDGE_CURVE('',#1206,#1205,#569,.T.);
#1475=EDGE_CURVE('',#1204,#1206,#570,.T.);
#1476=EDGE_CURVE('',#1205,#1207,#571,.T.);
#1477=EDGE_CURVE('',#1208,#1207,#572,.T.);
#1478=EDGE_CURVE('',#1206,#1208,#573,.T.);
#1479=EDGE_CURVE('',#1203,#1209,#574,.T.);
#1480=EDGE_CURVE('',#1207,#1209,#575,.T.);
#1481=EDGE_CURVE('',#1204,#1210,#576,.T.);
#1482=EDGE_CURVE('',#1209,#1210,#577,.T.);
#1483=EDGE_CURVE('',#1210,#1208,#578,.T.);
#1484=EDGE_CURVE('',#1157,#1211,#579,.T.);
#1485=EDGE_CURVE('',#1211,#1211,#1081,.T.);
#1486=EDGE_CURVE('',#1212,#1213,#580,.T.);
#1487=EDGE_CURVE('',#1214,#1212,#581,.T.);
#1488=EDGE_CURVE('',#1215,#1214,#582,.T.);
#1489=EDGE_CURVE('',#1213,#1215,#583,.T.);
#1490=EDGE_CURVE('',#1215,#1216,#584,.T.);
#1491=EDGE_CURVE('',#1217,#1216,#585,.T.);
#1492=EDGE_CURVE('',#1213,#1217,#586,.T.);
#1493=EDGE_CURVE('',#1214,#1218,#587,.T.);
#1494=EDGE_CURVE('',#1216,#1218,#588,.T.);
#1495=EDGE_CURVE('',#1219,#1144,#589,.T.);
#1496=EDGE_CURVE('',#1220,#1219,#590,.T.);
#1497=EDGE_CURVE('',#1145,#1220,#591,.T.);
#1498=EDGE_CURVE('',#1212,#1221,#592,.T.);
#1499=EDGE_CURVE('',#1218,#1221,#593,.T.);
#1500=EDGE_CURVE('',#1151,#1222,#594,.T.);
#1501=EDGE_CURVE('',#1222,#1222,#1082,.T.);
#1502=EDGE_CURVE('',#1223,#1224,#595,.T.);
#1503=EDGE_CURVE('',#1225,#1223,#596,.T.);
#1504=EDGE_CURVE('',#1226,#1225,#597,.T.);
#1505=EDGE_CURVE('',#1224,#1226,#598,.T.);
#1506=EDGE_CURVE('',#1225,#1227,#599,.T.);
#1507=EDGE_CURVE('',#1228,#1227,#600,.T.);
#1508=EDGE_CURVE('',#1226,#1228,#601,.T.);
#1509=EDGE_CURVE('',#1223,#1229,#602,.T.);
#1510=EDGE_CURVE('',#1227,#1229,#603,.T.);
#1511=EDGE_CURVE('',#1122,#1115,#1083,.T.);
#1512=EDGE_CURVE('',#1224,#1230,#604,.T.);
#1513=EDGE_CURVE('',#1229,#1230,#605,.T.);
#1514=EDGE_CURVE('',#1152,#1231,#606,.T.);
#1515=EDGE_CURVE('',#1231,#1231,#1084,.T.);
#1516=EDGE_CURVE('',#1232,#1233,#607,.T.);
#1517=EDGE_CURVE('',#1234,#1232,#608,.T.);
#1518=EDGE_CURVE('',#1235,#1234,#609,.T.);
#1519=EDGE_CURVE('',#1233,#1235,#610,.T.);
#1520=EDGE_CURVE('',#1234,#1236,#611,.T.);
#1521=EDGE_CURVE('',#1237,#1236,#612,.T.);
#1522=EDGE_CURVE('',#1235,#1237,#613,.T.);
#1523=EDGE_CURVE('',#1232,#1238,#614,.T.);
#1524=EDGE_CURVE('',#1236,#1238,#615,.T.);
#1525=EDGE_CURVE('',#1230,#1228,#616,.T.);
#1526=EDGE_CURVE('',#1233,#1239,#617,.T.);
#1527=EDGE_CURVE('',#1238,#1239,#618,.T.);
#1528=EDGE_CURVE('',#1153,#1240,#619,.T.);
#1529=EDGE_CURVE('',#1240,#1240,#1085,.T.);
#1530=EDGE_CURVE('',#1241,#1242,#620,.T.);
#1531=EDGE_CURVE('',#1243,#1241,#621,.T.);
#1532=EDGE_CURVE('',#1244,#1243,#622,.T.);
#1533=EDGE_CURVE('',#1242,#1244,#623,.T.);
#1534=EDGE_CURVE('',#1243,#1245,#624,.T.);
#1535=EDGE_CURVE('',#1246,#1245,#625,.T.);
#1536=EDGE_CURVE('',#1247,#1246,#17,.T.);
#1537=EDGE_CURVE('',#1244,#1247,#626,.T.);
#1538=EDGE_CURVE('',#1241,#1248,#627,.T.);
#1539=EDGE_CURVE('',#1245,#1248,#628,.T.);
#1540=EDGE_CURVE('',#1249,#1247,#629,.T.);
#1541=EDGE_CURVE('',#1242,#1249,#630,.T.);
#1542=EDGE_CURVE('',#1250,#1249,#18,.T.);
#1543=EDGE_CURVE('',#1248,#1250,#631,.T.);
#1544=EDGE_CURVE('',#1246,#1251,#632,.T.);
#1545=EDGE_CURVE('',#1251,#1252,#19,.T.);
#1546=EDGE_CURVE('',#1252,#1253,#633,.T.);
#1547=EDGE_CURVE('',#1253,#1254,#20,.T.);
#1548=EDGE_CURVE('',#1254,#1250,#634,.T.);
#1549=EDGE_CURVE('',#1154,#1255,#635,.T.);
#1550=EDGE_CURVE('',#1255,#1255,#1086,.T.);
#1551=EDGE_CURVE('',#1256,#1257,#636,.T.);
#1552=EDGE_CURVE('',#1258,#1256,#637,.T.);
#1553=EDGE_CURVE('',#1259,#1258,#638,.T.);
#1554=EDGE_CURVE('',#1257,#1259,#639,.T.);
#1555=EDGE_CURVE('',#1258,#1260,#640,.T.);
#1556=EDGE_CURVE('',#1261,#1260,#21,.T.);
#1557=EDGE_CURVE('',#1262,#1261,#641,.T.);
#1558=EDGE_CURVE('',#1259,#1262,#642,.T.);
#1559=EDGE_CURVE('',#1256,#1263,#643,.T.);
#1560=EDGE_CURVE('',#1260,#1263,#644,.T.);
#1561=EDGE_CURVE('',#1264,#1262,#645,.T.);
#1562=EDGE_CURVE('',#1257,#1264,#646,.T.);
#1563=EDGE_CURVE('',#1265,#1264,#647,.T.);
#1564=EDGE_CURVE('',#1263,#1265,#22,.T.);
#1565=EDGE_CURVE('',#1183,#1266,#648,.T.);
#1566=EDGE_CURVE('',#1267,#1266,#649,.T.);
#1567=EDGE_CURVE('',#1265,#1267,#650,.T.);
#1568=EDGE_CURVE('',#1268,#1261,#651,.T.);
#1569=EDGE_CURVE('',#1268,#1251,#652,.T.);
#1570=EDGE_CURVE('',#1269,#1254,#653,.T.);
#1571=EDGE_CURVE('',#1269,#1178,#654,.T.);
#1572=EDGE_CURVE('',#1174,#1170,#655,.T.);
#1573=EDGE_CURVE('',#1155,#1270,#656,.T.);
#1574=EDGE_CURVE('',#1270,#1270,#1087,.T.);
#1575=EDGE_CURVE('',#1271,#1272,#657,.T.);
#1576=EDGE_CURVE('',#1273,#1271,#658,.T.);
#1577=EDGE_CURVE('',#1274,#1273,#659,.T.);
#1578=EDGE_CURVE('',#1272,#1274,#660,.T.);
#1579=EDGE_CURVE('',#1273,#1275,#661,.T.);
#1580=EDGE_CURVE('',#1276,#1275,#662,.T.);
#1581=EDGE_CURVE('',#1274,#1276,#663,.T.);
#1582=EDGE_CURVE('',#1271,#1277,#664,.T.);
#1583=EDGE_CURVE('',#1275,#1277,#665,.T.);
#1584=EDGE_CURVE('',#1272,#1278,#666,.T.);
#1585=EDGE_CURVE('',#1277,#1278,#667,.T.);
#1586=EDGE_CURVE('',#1278,#1276,#668,.T.);
#1587=EDGE_CURVE('',#1279,#1280,#669,.T.);
#1588=EDGE_CURVE('',#1281,#1279,#670,.T.);
#1589=EDGE_CURVE('',#1282,#1281,#671,.T.);
#1590=EDGE_CURVE('',#1280,#1282,#672,.T.);
#1591=EDGE_CURVE('',#1283,#1283,#1088,.T.);
#1592=EDGE_CURVE('',#1279,#1284,#673,.T.);
#1593=EDGE_CURVE('',#1285,#1284,#674,.T.);
#1594=EDGE_CURVE('',#1281,#1285,#675,.T.);
#1595=EDGE_CURVE('',#1280,#1286,#676,.T.);
#1596=EDGE_CURVE('',#1284,#1286,#677,.T.);
#1597=EDGE_CURVE('',#1156,#1283,#678,.T.);
#1598=EDGE_CURVE('',#1287,#1285,#679,.T.);
#1599=EDGE_CURVE('',#1282,#1287,#680,.T.);
#1600=EDGE_CURVE('',#1286,#1287,#681,.T.);
#1601=EDGE_CURVE('',#1121,#1172,#23,.T.);
#1602=EDGE_CURVE('',#1239,#1237,#682,.T.);
#1603=EDGE_CURVE('',#1173,#1137,#24,.T.);
#1604=EDGE_CURVE('',#1139,#1219,#1089,.T.);
#1605=EDGE_CURVE('',#1221,#1217,#683,.T.);
#1606=EDGE_CURVE('',#1220,#1119,#1090,.T.);
#1607=EDGE_CURVE('',#1177,#1125,#1091,.T.);
#1608=EDGE_CURVE('',#1162,#1176,#1092,.T.);
#1609=EDGE_CURVE('',#1201,#1161,#1093,.T.);
#1610=EDGE_CURVE('',#1288,#1200,#684,.T.);
#1611=EDGE_CURVE('',#1289,#1288,#685,.T.);
#1612=EDGE_CURVE('',#1193,#1289,#686,.T.);
#1613=EDGE_CURVE('',#1138,#1290,#687,.T.);
#1614=EDGE_CURVE('',#1290,#1291,#688,.T.);
#1615=EDGE_CURVE('',#1292,#1291,#1094,.T.);
#1616=EDGE_CURVE('',#1293,#1292,#689,.T.);
#1617=EDGE_CURVE('',#1294,#1293,#1095,.T.);
#1618=EDGE_CURVE('',#1295,#1294,#690,.T.);
#1619=EDGE_CURVE('',#1295,#1120,#691,.T.);
#1620=EDGE_CURVE('',#1289,#1296,#692,.T.);
#1621=EDGE_CURVE('',#1296,#1194,#693,.T.);
#1622=EDGE_CURVE('',#1288,#1297,#694,.T.);
#1623=EDGE_CURVE('',#1297,#1296,#695,.T.);
#1624=EDGE_CURVE('',#1199,#1297,#696,.T.);
#1625=EDGE_CURVE('',#1298,#1299,#1096,.T.);
#1626=EDGE_CURVE('',#1299,#1300,#697,.T.);
#1627=EDGE_CURVE('',#1300,#1301,#25,.T.);
#1628=EDGE_CURVE('',#1301,#1298,#698,.T.);
#1629=EDGE_CURVE('',#1302,#1298,#699,.T.);
#1630=EDGE_CURVE('',#1302,#1303,#700,.T.);
#1631=EDGE_CURVE('',#1252,#1303,#701,.T.);
#1632=EDGE_CURVE('',#1304,#1268,#26,.T.);
#1633=EDGE_CURVE('',#1305,#1304,#702,.T.);
#1634=EDGE_CURVE('',#1306,#1305,#703,.T.);
#1635=EDGE_CURVE('',#1306,#1307,#704,.T.);
#1636=EDGE_CURVE('',#1308,#1307,#1097,.T.);
#1637=EDGE_CURVE('',#1299,#1308,#705,.T.);
#1638=EDGE_CURVE('',#1301,#1295,#706,.T.);
#1639=EDGE_CURVE('',#1309,#1294,#707,.T.);
#1640=EDGE_CURVE('',#1309,#1310,#708,.T.);
#1641=EDGE_CURVE('',#1310,#1311,#1098,.T.);
#1642=EDGE_CURVE('',#1311,#1302,#1099,.T.);
#1643=EDGE_CURVE('',#1312,#1308,#709,.T.);
#1644=EDGE_CURVE('',#1300,#1312,#710,.T.);
#1645=EDGE_CURVE('',#1313,#1312,#27,.T.);
#1646=EDGE_CURVE('',#1290,#1313,#711,.T.);
#1647=EDGE_CURVE('',#1307,#1313,#712,.T.);
#1648=EDGE_CURVE('',#1306,#1314,#1100,.T.);
#1649=EDGE_CURVE('',#1314,#1315,#1101,.T.);
#1650=EDGE_CURVE('',#1315,#1316,#713,.T.);
#1651=EDGE_CURVE('',#1291,#1316,#714,.T.);
#1652=EDGE_CURVE('',#1316,#1317,#28,.T.);
#1653=EDGE_CURVE('',#1317,#1292,#715,.T.);
#1654=EDGE_CURVE('',#1317,#1318,#716,.T.);
#1655=EDGE_CURVE('',#1293,#1318,#717,.T.);
#1656=EDGE_CURVE('',#1319,#1320,#718,.T.);
#1657=EDGE_CURVE('',#1320,#1321,#719,.T.);
#1658=EDGE_CURVE('',#1321,#1322,#720,.T.);
#1659=EDGE_CURVE('',#1322,#1319,#721,.T.);
#1660=EDGE_CURVE('',#1318,#1309,#29,.T.);
#1661=EDGE_CURVE('',#1323,#1315,#722,.T.);
#1662=EDGE_CURVE('',#1324,#1323,#723,.T.);
#1663=EDGE_CURVE('',#1267,#1324,#30,.T.);
#1664=EDGE_CURVE('',#1266,#1325,#724,.T.);
#1665=EDGE_CURVE('',#1326,#1325,#31,.T.);
#1666=EDGE_CURVE('',#1326,#1327,#725,.T.);
#1667=EDGE_CURVE('',#1328,#1327,#32,.T.);
#1668=EDGE_CURVE('',#1328,#1269,#726,.T.);
#1669=EDGE_CURVE('',#1253,#1329,#727,.T.);
#1670=EDGE_CURVE('',#1310,#1329,#728,.T.);
#1671=EDGE_CURVE('',#1321,#1198,#729,.T.);
#1672=EDGE_CURVE('',#1195,#1320,#730,.T.);
#1673=EDGE_CURVE('',#1319,#1196,#731,.T.);
#1674=EDGE_CURVE('',#1322,#1197,#732,.T.);
#1675=EDGE_CURVE('',#1330,#1305,#1102,.T.);
#1676=EDGE_CURVE('',#1330,#1314,#733,.T.);
#1677=EDGE_CURVE('',#1324,#1304,#734,.T.);
#1678=EDGE_CURVE('',#1330,#1323,#1103,.F.);
#1679=EDGE_CURVE('',#1181,#1326,#735,.T.);
#1680=EDGE_CURVE('',#1325,#1182,#736,.T.);
#1681=EDGE_CURVE('',#1327,#1180,#737,.T.);
#1682=EDGE_CURVE('',#1179,#1328,#738,.T.);
#1683=EDGE_CURVE('',#1329,#1331,#1104,.F.);
#1684=EDGE_CURVE('',#1331,#1311,#739,.T.);
#1685=EDGE_CURVE('',#1331,#1303,#1105,.T.);
#1686=EDGE_CURVE('',#1332,#1333,#740,.T.);
#1687=EDGE_CURVE('',#1332,#1334,#741,.T.);
#1688=EDGE_CURVE('',#1335,#1334,#742,.T.);
#1689=EDGE_CURVE('',#1333,#1335,#743,.T.);
#1690=EDGE_CURVE('',#1333,#1336,#744,.T.);
#1691=EDGE_CURVE('',#1336,#1335,#745,.T.);
#1692=EDGE_CURVE('',#1337,#1332,#746,.T.);
#1693=EDGE_CURVE('',#1334,#1337,#747,.T.);
#1694=EDGE_CURVE('',#1336,#1338,#748,.T.);
#1695=EDGE_CURVE('',#1339,#1338,#749,.T.);
#1696=EDGE_CURVE('',#1339,#1340,#1106,.T.);
#1697=EDGE_CURVE('',#1341,#1340,#750,.T.);
#1698=EDGE_CURVE('',#1341,#1342,#1107,.T.);
#1699=EDGE_CURVE('',#1342,#1343,#751,.T.);
#1700=EDGE_CURVE('',#1343,#1337,#752,.T.);
#1701=EDGE_CURVE('',#1344,#1339,#753,.T.);
#1702=EDGE_CURVE('',#1345,#1344,#33,.T.);
#1703=EDGE_CURVE('',#1345,#1340,#754,.T.);
#1704=EDGE_CURVE('',#1346,#1341,#755,.T.);
#1705=EDGE_CURVE('',#1347,#1346,#34,.T.);
#1706=EDGE_CURVE('',#1347,#1342,#756,.T.);
#1707=EDGE_CURVE('',#1338,#1348,#757,.T.);
#1708=EDGE_CURVE('',#1348,#1344,#758,.T.);
#1709=EDGE_CURVE('',#1349,#1348,#759,.T.);
#1710=EDGE_CURVE('',#1347,#1349,#760,.T.);
#1711=EDGE_CURVE('',#1346,#1345,#761,.T.);
#1712=EDGE_CURVE('',#1349,#1343,#762,.T.);
#1713=ORIENTED_EDGE('',*,*,#1350,.F.);
#1714=ORIENTED_EDGE('',*,*,#1351,.T.);
#1715=ORIENTED_EDGE('',*,*,#1352,.F.);
#1716=ORIENTED_EDGE('',*,*,#1351,.F.);
#1717=ORIENTED_EDGE('',*,*,#1353,.F.);
#1718=ORIENTED_EDGE('',*,*,#1354,.F.);
#1719=ORIENTED_EDGE('',*,*,#1355,.F.);
#1720=ORIENTED_EDGE('',*,*,#1356,.F.);
#1721=ORIENTED_EDGE('',*,*,#1352,.T.);
#1722=ORIENTED_EDGE('',*,*,#1355,.T.);
#1723=ORIENTED_EDGE('',*,*,#1357,.T.);
#1724=ORIENTED_EDGE('',*,*,#1358,.F.);
#1725=ORIENTED_EDGE('',*,*,#1359,.F.);
#1726=ORIENTED_EDGE('',*,*,#1354,.T.);
#1727=ORIENTED_EDGE('',*,*,#1360,.T.);
#1728=ORIENTED_EDGE('',*,*,#1361,.F.);
#1729=ORIENTED_EDGE('',*,*,#1357,.F.);
#1730=ORIENTED_EDGE('',*,*,#1362,.T.);
#1731=ORIENTED_EDGE('',*,*,#1363,.F.);
#1732=ORIENTED_EDGE('',*,*,#1364,.F.);
#1733=ORIENTED_EDGE('',*,*,#1365,.F.);
#1734=ORIENTED_EDGE('',*,*,#1366,.F.);
#1735=ORIENTED_EDGE('',*,*,#1353,.T.);
#1736=ORIENTED_EDGE('',*,*,#1367,.T.);
#1737=ORIENTED_EDGE('',*,*,#1368,.F.);
#1738=ORIENTED_EDGE('',*,*,#1360,.F.);
#1739=ORIENTED_EDGE('',*,*,#1369,.T.);
#1740=ORIENTED_EDGE('',*,*,#1370,.F.);
#1741=ORIENTED_EDGE('',*,*,#1371,.T.);
#1742=ORIENTED_EDGE('',*,*,#1372,.F.);
#1743=ORIENTED_EDGE('',*,*,#1373,.F.);
#1744=ORIENTED_EDGE('',*,*,#1374,.T.);
#1745=ORIENTED_EDGE('',*,*,#1375,.F.);
#1746=ORIENTED_EDGE('',*,*,#1374,.F.);
#1747=ORIENTED_EDGE('',*,*,#1376,.F.);
#1748=ORIENTED_EDGE('',*,*,#1377,.F.);
#1749=ORIENTED_EDGE('',*,*,#1378,.F.);
#1750=ORIENTED_EDGE('',*,*,#1379,.F.);
#1751=ORIENTED_EDGE('',*,*,#1375,.T.);
#1752=ORIENTED_EDGE('',*,*,#1378,.T.);
#1753=ORIENTED_EDGE('',*,*,#1380,.T.);
#1754=ORIENTED_EDGE('',*,*,#1381,.F.);
#1755=ORIENTED_EDGE('',*,*,#1382,.F.);
#1756=ORIENTED_EDGE('',*,*,#1383,.T.);
#1757=ORIENTED_EDGE('',*,*,#1384,.F.);
#1758=ORIENTED_EDGE('',*,*,#1385,.F.);
#1759=ORIENTED_EDGE('',*,*,#1386,.F.);
#1760=ORIENTED_EDGE('',*,*,#1387,.F.);
#1761=ORIENTED_EDGE('',*,*,#1377,.T.);
#1762=ORIENTED_EDGE('',*,*,#1388,.T.);
#1763=ORIENTED_EDGE('',*,*,#1389,.F.);
#1764=ORIENTED_EDGE('',*,*,#1380,.F.);
#1765=ORIENTED_EDGE('',*,*,#1376,.T.);
#1766=ORIENTED_EDGE('',*,*,#1390,.T.);
#1767=ORIENTED_EDGE('',*,*,#1391,.F.);
#1768=ORIENTED_EDGE('',*,*,#1388,.F.);
#1769=ORIENTED_EDGE('',*,*,#1379,.T.);
#1770=ORIENTED_EDGE('',*,*,#1382,.T.);
#1771=ORIENTED_EDGE('',*,*,#1392,.F.);
#1772=ORIENTED_EDGE('',*,*,#1390,.F.);
#1773=ORIENTED_EDGE('',*,*,#1362,.F.);
#1774=ORIENTED_EDGE('',*,*,#1393,.T.);
#1775=ORIENTED_EDGE('',*,*,#1394,.F.);
#1776=ORIENTED_EDGE('',*,*,#1395,.T.);
#1777=ORIENTED_EDGE('',*,*,#1383,.F.);
#1778=ORIENTED_EDGE('',*,*,#1396,.T.);
#1779=ORIENTED_EDGE('',*,*,#1397,.F.);
#1780=ORIENTED_EDGE('',*,*,#1398,.T.);
#1781=ORIENTED_EDGE('',*,*,#1369,.F.);
#1782=ORIENTED_EDGE('',*,*,#1399,.F.);
#1783=ORIENTED_EDGE('',*,*,#1400,.F.);
#1784=ORIENTED_EDGE('',*,*,#1401,.F.);
#1785=ORIENTED_EDGE('',*,*,#1402,.F.);
#1786=ORIENTED_EDGE('',*,*,#1403,.F.);
#1787=ORIENTED_EDGE('',*,*,#1404,.F.);
#1788=ORIENTED_EDGE('',*,*,#1405,.T.);
#1789=ORIENTED_EDGE('',*,*,#1406,.T.);
#1790=ORIENTED_EDGE('',*,*,#1407,.T.);
#1791=ORIENTED_EDGE('',*,*,#1408,.T.);
#1792=ORIENTED_EDGE('',*,*,#1409,.T.);
#1793=ORIENTED_EDGE('',*,*,#1410,.T.);
#1794=ORIENTED_EDGE('',*,*,#1411,.T.);
#1795=ORIENTED_EDGE('',*,*,#1412,.T.);
#1796=ORIENTED_EDGE('',*,*,#1413,.T.);
#1797=ORIENTED_EDGE('',*,*,#1414,.T.);
#1798=ORIENTED_EDGE('',*,*,#1373,.T.);
#1799=ORIENTED_EDGE('',*,*,#1350,.T.);
#1800=ORIENTED_EDGE('',*,*,#1415,.T.);
#1801=ORIENTED_EDGE('',*,*,#1416,.F.);
#1802=ORIENTED_EDGE('',*,*,#1401,.T.);
#1803=ORIENTED_EDGE('',*,*,#1417,.F.);
#1804=ORIENTED_EDGE('',*,*,#1414,.F.);
#1805=ORIENTED_EDGE('',*,*,#1418,.T.);
#1806=ORIENTED_EDGE('',*,*,#1419,.F.);
#1807=ORIENTED_EDGE('',*,*,#1418,.F.);
#1808=ORIENTED_EDGE('',*,*,#1420,.F.);
#1809=ORIENTED_EDGE('',*,*,#1421,.F.);
#1810=ORIENTED_EDGE('',*,*,#1422,.F.);
#1811=ORIENTED_EDGE('',*,*,#1423,.F.);
#1812=ORIENTED_EDGE('',*,*,#1419,.T.);
#1813=ORIENTED_EDGE('',*,*,#1423,.T.);
#1814=ORIENTED_EDGE('',*,*,#1424,.T.);
#1815=ORIENTED_EDGE('',*,*,#1425,.F.);
#1816=ORIENTED_EDGE('',*,*,#1426,.F.);
#1817=ORIENTED_EDGE('',*,*,#1427,.F.);
#1818=ORIENTED_EDGE('',*,*,#1422,.T.);
#1819=ORIENTED_EDGE('',*,*,#1428,.T.);
#1820=ORIENTED_EDGE('',*,*,#1429,.F.);
#1821=ORIENTED_EDGE('',*,*,#1424,.F.);
#1822=ORIENTED_EDGE('',*,*,#1394,.T.);
#1823=ORIENTED_EDGE('',*,*,#1430,.F.);
#1824=ORIENTED_EDGE('',*,*,#1431,.F.);
#1825=ORIENTED_EDGE('',*,*,#1432,.F.);
#1826=ORIENTED_EDGE('',*,*,#1421,.T.);
#1827=ORIENTED_EDGE('',*,*,#1433,.T.);
#1828=ORIENTED_EDGE('',*,*,#1434,.F.);
#1829=ORIENTED_EDGE('',*,*,#1435,.F.);
#1830=ORIENTED_EDGE('',*,*,#1428,.F.);
#1831=ORIENTED_EDGE('',*,*,#1403,.T.);
#1832=ORIENTED_EDGE('',*,*,#1436,.F.);
#1833=ORIENTED_EDGE('',*,*,#1437,.T.);
#1834=ORIENTED_EDGE('',*,*,#1438,.F.);
#1835=ORIENTED_EDGE('',*,*,#1425,.T.);
#1836=ORIENTED_EDGE('',*,*,#1429,.T.);
#1837=ORIENTED_EDGE('',*,*,#1435,.T.);
#1838=ORIENTED_EDGE('',*,*,#1439,.F.);
#1839=ORIENTED_EDGE('',*,*,#1440,.F.);
#1840=ORIENTED_EDGE('',*,*,#1441,.T.);
#1841=ORIENTED_EDGE('',*,*,#1442,.F.);
#1842=ORIENTED_EDGE('',*,*,#1443,.T.);
#1843=ORIENTED_EDGE('',*,*,#1444,.F.);
#1844=ORIENTED_EDGE('',*,*,#1445,.F.);
#1845=ORIENTED_EDGE('',*,*,#1413,.F.);
#1846=ORIENTED_EDGE('',*,*,#1446,.T.);
#1847=ORIENTED_EDGE('',*,*,#1447,.F.);
#1848=ORIENTED_EDGE('',*,*,#1446,.F.);
#1849=ORIENTED_EDGE('',*,*,#1448,.F.);
#1850=ORIENTED_EDGE('',*,*,#1449,.F.);
#1851=ORIENTED_EDGE('',*,*,#1450,.F.);
#1852=ORIENTED_EDGE('',*,*,#1451,.F.);
#1853=ORIENTED_EDGE('',*,*,#1447,.T.);
#1854=ORIENTED_EDGE('',*,*,#1450,.T.);
#1855=ORIENTED_EDGE('',*,*,#1452,.T.);
#1856=ORIENTED_EDGE('',*,*,#1453,.F.);
#1857=ORIENTED_EDGE('',*,*,#1454,.F.);
#1858=ORIENTED_EDGE('',*,*,#1449,.T.);
#1859=ORIENTED_EDGE('',*,*,#1455,.T.);
#1860=ORIENTED_EDGE('',*,*,#1456,.F.);
#1861=ORIENTED_EDGE('',*,*,#1452,.F.);
#1862=ORIENTED_EDGE('',*,*,#1451,.T.);
#1863=ORIENTED_EDGE('',*,*,#1454,.T.);
#1864=ORIENTED_EDGE('',*,*,#1457,.F.);
#1865=ORIENTED_EDGE('',*,*,#1458,.F.);
#1866=ORIENTED_EDGE('',*,*,#1448,.T.);
#1867=ORIENTED_EDGE('',*,*,#1458,.T.);
#1868=ORIENTED_EDGE('',*,*,#1459,.F.);
#1869=ORIENTED_EDGE('',*,*,#1455,.F.);
#1870=ORIENTED_EDGE('',*,*,#1460,.T.);
#1871=ORIENTED_EDGE('',*,*,#1461,.T.);
#1872=ORIENTED_EDGE('',*,*,#1462,.T.);
#1873=ORIENTED_EDGE('',*,*,#1463,.T.);
#1874=ORIENTED_EDGE('',*,*,#1464,.T.);
#1875=ORIENTED_EDGE('',*,*,#1465,.T.);
#1876=ORIENTED_EDGE('',*,*,#1466,.T.);
#1877=ORIENTED_EDGE('',*,*,#1467,.F.);
#1878=ORIENTED_EDGE('',*,*,#1468,.T.);
#1879=ORIENTED_EDGE('',*,*,#1469,.F.);
#1880=ORIENTED_EDGE('',*,*,#1399,.T.);
#1881=ORIENTED_EDGE('',*,*,#1372,.T.);
#1882=ORIENTED_EDGE('',*,*,#1412,.F.);
#1883=ORIENTED_EDGE('',*,*,#1470,.T.);
#1884=ORIENTED_EDGE('',*,*,#1471,.F.);
#1885=ORIENTED_EDGE('',*,*,#1470,.F.);
#1886=ORIENTED_EDGE('',*,*,#1472,.F.);
#1887=ORIENTED_EDGE('',*,*,#1473,.F.);
#1888=ORIENTED_EDGE('',*,*,#1474,.F.);
#1889=ORIENTED_EDGE('',*,*,#1475,.F.);
#1890=ORIENTED_EDGE('',*,*,#1471,.T.);
#1891=ORIENTED_EDGE('',*,*,#1474,.T.);
#1892=ORIENTED_EDGE('',*,*,#1476,.T.);
#1893=ORIENTED_EDGE('',*,*,#1477,.F.);
#1894=ORIENTED_EDGE('',*,*,#1478,.F.);
#1895=ORIENTED_EDGE('',*,*,#1473,.T.);
#1896=ORIENTED_EDGE('',*,*,#1479,.T.);
#1897=ORIENTED_EDGE('',*,*,#1480,.F.);
#1898=ORIENTED_EDGE('',*,*,#1476,.F.);
#1899=ORIENTED_EDGE('',*,*,#1472,.T.);
#1900=ORIENTED_EDGE('',*,*,#1481,.T.);
#1901=ORIENTED_EDGE('',*,*,#1482,.F.);
#1902=ORIENTED_EDGE('',*,*,#1479,.F.);
#1903=ORIENTED_EDGE('',*,*,#1475,.T.);
#1904=ORIENTED_EDGE('',*,*,#1478,.T.);
#1905=ORIENTED_EDGE('',*,*,#1483,.F.);
#1906=ORIENTED_EDGE('',*,*,#1481,.F.);
#1907=ORIENTED_EDGE('',*,*,#1411,.F.);
#1908=ORIENTED_EDGE('',*,*,#1484,.T.);
#1909=ORIENTED_EDGE('',*,*,#1485,.F.);
#1910=ORIENTED_EDGE('',*,*,#1484,.F.);
#1911=ORIENTED_EDGE('',*,*,#1486,.F.);
#1912=ORIENTED_EDGE('',*,*,#1487,.F.);
#1913=ORIENTED_EDGE('',*,*,#1488,.F.);
#1914=ORIENTED_EDGE('',*,*,#1489,.F.);
#1915=ORIENTED_EDGE('',*,*,#1485,.T.);
#1916=ORIENTED_EDGE('',*,*,#1489,.T.);
#1917=ORIENTED_EDGE('',*,*,#1490,.T.);
#1918=ORIENTED_EDGE('',*,*,#1491,.F.);
#1919=ORIENTED_EDGE('',*,*,#1492,.F.);
#1920=ORIENTED_EDGE('',*,*,#1488,.T.);
#1921=ORIENTED_EDGE('',*,*,#1493,.T.);
#1922=ORIENTED_EDGE('',*,*,#1494,.F.);
#1923=ORIENTED_EDGE('',*,*,#1490,.F.);
#1924=ORIENTED_EDGE('',*,*,#1397,.T.);
#1925=ORIENTED_EDGE('',*,*,#1495,.F.);
#1926=ORIENTED_EDGE('',*,*,#1496,.F.);
#1927=ORIENTED_EDGE('',*,*,#1497,.F.);
#1928=ORIENTED_EDGE('',*,*,#1487,.T.);
#1929=ORIENTED_EDGE('',*,*,#1498,.T.);
#1930=ORIENTED_EDGE('',*,*,#1499,.F.);
#1931=ORIENTED_EDGE('',*,*,#1493,.F.);
#1932=ORIENTED_EDGE('',*,*,#1405,.F.);
#1933=ORIENTED_EDGE('',*,*,#1500,.T.);
#1934=ORIENTED_EDGE('',*,*,#1501,.F.);
#1935=ORIENTED_EDGE('',*,*,#1500,.F.);
#1936=ORIENTED_EDGE('',*,*,#1502,.F.);
#1937=ORIENTED_EDGE('',*,*,#1503,.F.);
#1938=ORIENTED_EDGE('',*,*,#1504,.F.);
#1939=ORIENTED_EDGE('',*,*,#1505,.F.);
#1940=ORIENTED_EDGE('',*,*,#1501,.T.);
#1941=ORIENTED_EDGE('',*,*,#1504,.T.);
#1942=ORIENTED_EDGE('',*,*,#1506,.T.);
#1943=ORIENTED_EDGE('',*,*,#1507,.F.);
#1944=ORIENTED_EDGE('',*,*,#1508,.F.);
#1945=ORIENTED_EDGE('',*,*,#1503,.T.);
#1946=ORIENTED_EDGE('',*,*,#1509,.T.);
#1947=ORIENTED_EDGE('',*,*,#1510,.F.);
#1948=ORIENTED_EDGE('',*,*,#1506,.F.);
#1949=ORIENTED_EDGE('',*,*,#1356,.T.);
#1950=ORIENTED_EDGE('',*,*,#1359,.T.);
#1951=ORIENTED_EDGE('',*,*,#1511,.F.);
#1952=ORIENTED_EDGE('',*,*,#1367,.F.);
#1953=ORIENTED_EDGE('',*,*,#1502,.T.);
#1954=ORIENTED_EDGE('',*,*,#1512,.T.);
#1955=ORIENTED_EDGE('',*,*,#1513,.F.);
#1956=ORIENTED_EDGE('',*,*,#1509,.F.);
#1957=ORIENTED_EDGE('',*,*,#1406,.F.);
#1958=ORIENTED_EDGE('',*,*,#1514,.T.);
#1959=ORIENTED_EDGE('',*,*,#1515,.F.);
#1960=ORIENTED_EDGE('',*,*,#1514,.F.);
#1961=ORIENTED_EDGE('',*,*,#1516,.F.);
#1962=ORIENTED_EDGE('',*,*,#1517,.F.);
#1963=ORIENTED_EDGE('',*,*,#1518,.F.);
#1964=ORIENTED_EDGE('',*,*,#1519,.F.);
#1965=ORIENTED_EDGE('',*,*,#1515,.T.);
#1966=ORIENTED_EDGE('',*,*,#1518,.T.);
#1967=ORIENTED_EDGE('',*,*,#1520,.T.);
#1968=ORIENTED_EDGE('',*,*,#1521,.F.);
#1969=ORIENTED_EDGE('',*,*,#1522,.F.);
#1970=ORIENTED_EDGE('',*,*,#1517,.T.);
#1971=ORIENTED_EDGE('',*,*,#1523,.T.);
#1972=ORIENTED_EDGE('',*,*,#1524,.F.);
#1973=ORIENTED_EDGE('',*,*,#1520,.F.);
#1974=ORIENTED_EDGE('',*,*,#1505,.T.);
#1975=ORIENTED_EDGE('',*,*,#1508,.T.);
#1976=ORIENTED_EDGE('',*,*,#1525,.F.);
#1977=ORIENTED_EDGE('',*,*,#1512,.F.);
#1978=ORIENTED_EDGE('',*,*,#1516,.T.);
#1979=ORIENTED_EDGE('',*,*,#1526,.T.);
#1980=ORIENTED_EDGE('',*,*,#1527,.F.);
#1981=ORIENTED_EDGE('',*,*,#1523,.F.);
#1982=ORIENTED_EDGE('',*,*,#1407,.F.);
#1983=ORIENTED_EDGE('',*,*,#1528,.T.);
#1984=ORIENTED_EDGE('',*,*,#1529,.F.);
#1985=ORIENTED_EDGE('',*,*,#1528,.F.);
#1986=ORIENTED_EDGE('',*,*,#1530,.F.);
#1987=ORIENTED_EDGE('',*,*,#1531,.F.);
#1988=ORIENTED_EDGE('',*,*,#1532,.F.);
#1989=ORIENTED_EDGE('',*,*,#1533,.F.);
#1990=ORIENTED_EDGE('',*,*,#1529,.T.);
#1991=ORIENTED_EDGE('',*,*,#1532,.T.);
#1992=ORIENTED_EDGE('',*,*,#1534,.T.);
#1993=ORIENTED_EDGE('',*,*,#1535,.F.);
#1994=ORIENTED_EDGE('',*,*,#1536,.F.);
#1995=ORIENTED_EDGE('',*,*,#1537,.F.);
#1996=ORIENTED_EDGE('',*,*,#1531,.T.);
#1997=ORIENTED_EDGE('',*,*,#1538,.T.);
#1998=ORIENTED_EDGE('',*,*,#1539,.F.);
#1999=ORIENTED_EDGE('',*,*,#1534,.F.);
#2000=ORIENTED_EDGE('',*,*,#1533,.T.);
#2001=ORIENTED_EDGE('',*,*,#1537,.T.);
#2002=ORIENTED_EDGE('',*,*,#1540,.F.);
#2003=ORIENTED_EDGE('',*,*,#1541,.F.);
#2004=ORIENTED_EDGE('',*,*,#1530,.T.);
#2005=ORIENTED_EDGE('',*,*,#1541,.T.);
#2006=ORIENTED_EDGE('',*,*,#1542,.F.);
#2007=ORIENTED_EDGE('',*,*,#1543,.F.);
#2008=ORIENTED_EDGE('',*,*,#1538,.F.);
#2009=ORIENTED_EDGE('',*,*,#1542,.T.);
#2010=ORIENTED_EDGE('',*,*,#1540,.T.);
#2011=ORIENTED_EDGE('',*,*,#1536,.T.);
#2012=ORIENTED_EDGE('',*,*,#1544,.T.);
#2013=ORIENTED_EDGE('',*,*,#1545,.T.);
#2014=ORIENTED_EDGE('',*,*,#1546,.T.);
#2015=ORIENTED_EDGE('',*,*,#1547,.T.);
#2016=ORIENTED_EDGE('',*,*,#1548,.T.);
#2017=ORIENTED_EDGE('',*,*,#1408,.F.);
#2018=ORIENTED_EDGE('',*,*,#1549,.T.);
#2019=ORIENTED_EDGE('',*,*,#1550,.F.);
#2020=ORIENTED_EDGE('',*,*,#1549,.F.);
#2021=ORIENTED_EDGE('',*,*,#1551,.F.);
#2022=ORIENTED_EDGE('',*,*,#1552,.F.);
#2023=ORIENTED_EDGE('',*,*,#1553,.F.);
#2024=ORIENTED_EDGE('',*,*,#1554,.F.);
#2025=ORIENTED_EDGE('',*,*,#1550,.T.);
#2026=ORIENTED_EDGE('',*,*,#1553,.T.);
#2027=ORIENTED_EDGE('',*,*,#1555,.T.);
#2028=ORIENTED_EDGE('',*,*,#1556,.F.);
#2029=ORIENTED_EDGE('',*,*,#1557,.F.);
#2030=ORIENTED_EDGE('',*,*,#1558,.F.);
#2031=ORIENTED_EDGE('',*,*,#1552,.T.);
#2032=ORIENTED_EDGE('',*,*,#1559,.T.);
#2033=ORIENTED_EDGE('',*,*,#1560,.F.);
#2034=ORIENTED_EDGE('',*,*,#1555,.F.);
#2035=ORIENTED_EDGE('',*,*,#1554,.T.);
#2036=ORIENTED_EDGE('',*,*,#1558,.T.);
#2037=ORIENTED_EDGE('',*,*,#1561,.F.);
#2038=ORIENTED_EDGE('',*,*,#1562,.F.);
#2039=ORIENTED_EDGE('',*,*,#1551,.T.);
#2040=ORIENTED_EDGE('',*,*,#1562,.T.);
#2041=ORIENTED_EDGE('',*,*,#1563,.F.);
#2042=ORIENTED_EDGE('',*,*,#1564,.F.);
#2043=ORIENTED_EDGE('',*,*,#1559,.F.);
#2044=ORIENTED_EDGE('',*,*,#1426,.T.);
#2045=ORIENTED_EDGE('',*,*,#1445,.T.);
#2046=ORIENTED_EDGE('',*,*,#1565,.T.);
#2047=ORIENTED_EDGE('',*,*,#1566,.F.);
#2048=ORIENTED_EDGE('',*,*,#1567,.F.);
#2049=ORIENTED_EDGE('',*,*,#1563,.T.);
#2050=ORIENTED_EDGE('',*,*,#1561,.T.);
#2051=ORIENTED_EDGE('',*,*,#1557,.T.);
#2052=ORIENTED_EDGE('',*,*,#1568,.F.);
#2053=ORIENTED_EDGE('',*,*,#1569,.T.);
#2054=ORIENTED_EDGE('',*,*,#1544,.F.);
#2055=ORIENTED_EDGE('',*,*,#1535,.T.);
#2056=ORIENTED_EDGE('',*,*,#1539,.T.);
#2057=ORIENTED_EDGE('',*,*,#1543,.T.);
#2058=ORIENTED_EDGE('',*,*,#1548,.F.);
#2059=ORIENTED_EDGE('',*,*,#1570,.F.);
#2060=ORIENTED_EDGE('',*,*,#1571,.T.);
#2061=ORIENTED_EDGE('',*,*,#1439,.T.);
#2062=ORIENTED_EDGE('',*,*,#1434,.T.);
#2063=ORIENTED_EDGE('',*,*,#1572,.T.);
#2064=ORIENTED_EDGE('',*,*,#1409,.F.);
#2065=ORIENTED_EDGE('',*,*,#1573,.T.);
#2066=ORIENTED_EDGE('',*,*,#1574,.F.);
#2067=ORIENTED_EDGE('',*,*,#1573,.F.);
#2068=ORIENTED_EDGE('',*,*,#1575,.F.);
#2069=ORIENTED_EDGE('',*,*,#1576,.F.);
#2070=ORIENTED_EDGE('',*,*,#1577,.F.);
#2071=ORIENTED_EDGE('',*,*,#1578,.F.);
#2072=ORIENTED_EDGE('',*,*,#1574,.T.);
#2073=ORIENTED_EDGE('',*,*,#1577,.T.);
#2074=ORIENTED_EDGE('',*,*,#1579,.T.);
#2075=ORIENTED_EDGE('',*,*,#1580,.F.);
#2076=ORIENTED_EDGE('',*,*,#1581,.F.);
#2077=ORIENTED_EDGE('',*,*,#1576,.T.);
#2078=ORIENTED_EDGE('',*,*,#1582,.T.);
#2079=ORIENTED_EDGE('',*,*,#1583,.F.);
#2080=ORIENTED_EDGE('',*,*,#1579,.F.);
#2081=ORIENTED_EDGE('',*,*,#1575,.T.);
#2082=ORIENTED_EDGE('',*,*,#1584,.T.);
#2083=ORIENTED_EDGE('',*,*,#1585,.F.);
#2084=ORIENTED_EDGE('',*,*,#1582,.F.);
#2085=ORIENTED_EDGE('',*,*,#1578,.T.);
#2086=ORIENTED_EDGE('',*,*,#1581,.T.);
#2087=ORIENTED_EDGE('',*,*,#1586,.F.);
#2088=ORIENTED_EDGE('',*,*,#1584,.F.);
#2089=ORIENTED_EDGE('',*,*,#1587,.F.);
#2090=ORIENTED_EDGE('',*,*,#1588,.F.);
#2091=ORIENTED_EDGE('',*,*,#1589,.F.);
#2092=ORIENTED_EDGE('',*,*,#1590,.F.);
#2093=ORIENTED_EDGE('',*,*,#1591,.T.);
#2094=ORIENTED_EDGE('',*,*,#1588,.T.);
#2095=ORIENTED_EDGE('',*,*,#1592,.T.);
#2096=ORIENTED_EDGE('',*,*,#1593,.F.);
#2097=ORIENTED_EDGE('',*,*,#1594,.F.);
#2098=ORIENTED_EDGE('',*,*,#1587,.T.);
#2099=ORIENTED_EDGE('',*,*,#1595,.T.);
#2100=ORIENTED_EDGE('',*,*,#1596,.F.);
#2101=ORIENTED_EDGE('',*,*,#1592,.F.);
#2102=ORIENTED_EDGE('',*,*,#1410,.F.);
#2103=ORIENTED_EDGE('',*,*,#1597,.T.);
#2104=ORIENTED_EDGE('',*,*,#1591,.F.);
#2105=ORIENTED_EDGE('',*,*,#1597,.F.);
#2106=ORIENTED_EDGE('',*,*,#1589,.T.);
#2107=ORIENTED_EDGE('',*,*,#1594,.T.);
#2108=ORIENTED_EDGE('',*,*,#1598,.F.);
#2109=ORIENTED_EDGE('',*,*,#1599,.F.);
#2110=ORIENTED_EDGE('',*,*,#1590,.T.);
#2111=ORIENTED_EDGE('',*,*,#1599,.T.);
#2112=ORIENTED_EDGE('',*,*,#1600,.F.);
#2113=ORIENTED_EDGE('',*,*,#1595,.F.);
#2114=ORIENTED_EDGE('',*,*,#1393,.F.);
#2115=ORIENTED_EDGE('',*,*,#1366,.T.);
#2116=ORIENTED_EDGE('',*,*,#1601,.T.);
#2117=ORIENTED_EDGE('',*,*,#1430,.T.);
#2118=ORIENTED_EDGE('',*,*,#1519,.T.);
#2119=ORIENTED_EDGE('',*,*,#1522,.T.);
#2120=ORIENTED_EDGE('',*,*,#1602,.F.);
#2121=ORIENTED_EDGE('',*,*,#1526,.F.);
#2122=ORIENTED_EDGE('',*,*,#1395,.F.);
#2123=ORIENTED_EDGE('',*,*,#1432,.T.);
#2124=ORIENTED_EDGE('',*,*,#1603,.T.);
#2125=ORIENTED_EDGE('',*,*,#1384,.T.);
#2126=ORIENTED_EDGE('',*,*,#1396,.F.);
#2127=ORIENTED_EDGE('',*,*,#1387,.T.);
#2128=ORIENTED_EDGE('',*,*,#1604,.T.);
#2129=ORIENTED_EDGE('',*,*,#1495,.T.);
#2130=ORIENTED_EDGE('',*,*,#1486,.T.);
#2131=ORIENTED_EDGE('',*,*,#1492,.T.);
#2132=ORIENTED_EDGE('',*,*,#1605,.F.);
#2133=ORIENTED_EDGE('',*,*,#1498,.F.);
#2134=ORIENTED_EDGE('',*,*,#1398,.F.);
#2135=ORIENTED_EDGE('',*,*,#1497,.T.);
#2136=ORIENTED_EDGE('',*,*,#1606,.T.);
#2137=ORIENTED_EDGE('',*,*,#1363,.T.);
#2138=ORIENTED_EDGE('',*,*,#1460,.F.);
#2139=ORIENTED_EDGE('',*,*,#1371,.F.);
#2140=ORIENTED_EDGE('',*,*,#1607,.F.);
#2141=ORIENTED_EDGE('',*,*,#1437,.F.);
#2142=ORIENTED_EDGE('',*,*,#1608,.F.);
#2143=ORIENTED_EDGE('',*,*,#1415,.F.);
#2144=ORIENTED_EDGE('',*,*,#1609,.F.);
#2145=ORIENTED_EDGE('',*,*,#1468,.F.);
#2146=ORIENTED_EDGE('',*,*,#1610,.F.);
#2147=ORIENTED_EDGE('',*,*,#1611,.F.);
#2148=ORIENTED_EDGE('',*,*,#1612,.F.);
#2149=ORIENTED_EDGE('',*,*,#1420,.T.);
#2150=ORIENTED_EDGE('',*,*,#1427,.T.);
#2151=ORIENTED_EDGE('',*,*,#1572,.F.);
#2152=ORIENTED_EDGE('',*,*,#1433,.F.);
#2153=ORIENTED_EDGE('',*,*,#1402,.T.);
#2154=ORIENTED_EDGE('',*,*,#1416,.T.);
#2155=ORIENTED_EDGE('',*,*,#1608,.T.);
#2156=ORIENTED_EDGE('',*,*,#1436,.T.);
#2157=ORIENTED_EDGE('',*,*,#1400,.T.);
#2158=ORIENTED_EDGE('',*,*,#1469,.T.);
#2159=ORIENTED_EDGE('',*,*,#1609,.T.);
#2160=ORIENTED_EDGE('',*,*,#1417,.T.);
#2161=ORIENTED_EDGE('',*,*,#1364,.T.);
#2162=ORIENTED_EDGE('',*,*,#1606,.F.);
#2163=ORIENTED_EDGE('',*,*,#1496,.T.);
#2164=ORIENTED_EDGE('',*,*,#1604,.F.);
#2165=ORIENTED_EDGE('',*,*,#1386,.T.);
#2166=ORIENTED_EDGE('',*,*,#1613,.T.);
#2167=ORIENTED_EDGE('',*,*,#1614,.T.);
#2168=ORIENTED_EDGE('',*,*,#1615,.F.);
#2169=ORIENTED_EDGE('',*,*,#1616,.F.);
#2170=ORIENTED_EDGE('',*,*,#1617,.F.);
#2171=ORIENTED_EDGE('',*,*,#1618,.F.);
#2172=ORIENTED_EDGE('',*,*,#1619,.T.);
#2173=ORIENTED_EDGE('',*,*,#1612,.T.);
#2174=ORIENTED_EDGE('',*,*,#1620,.T.);
#2175=ORIENTED_EDGE('',*,*,#1621,.T.);
#2176=ORIENTED_EDGE('',*,*,#1461,.F.);
#2177=ORIENTED_EDGE('',*,*,#1611,.T.);
#2178=ORIENTED_EDGE('',*,*,#1622,.T.);
#2179=ORIENTED_EDGE('',*,*,#1623,.T.);
#2180=ORIENTED_EDGE('',*,*,#1620,.F.);
#2181=ORIENTED_EDGE('',*,*,#1610,.T.);
#2182=ORIENTED_EDGE('',*,*,#1467,.T.);
#2183=ORIENTED_EDGE('',*,*,#1624,.T.);
#2184=ORIENTED_EDGE('',*,*,#1622,.F.);
#2185=ORIENTED_EDGE('',*,*,#1625,.T.);
#2186=ORIENTED_EDGE('',*,*,#1626,.T.);
#2187=ORIENTED_EDGE('',*,*,#1627,.T.);
#2188=ORIENTED_EDGE('',*,*,#1628,.T.);
#2189=ORIENTED_EDGE('',*,*,#1625,.F.);
#2190=ORIENTED_EDGE('',*,*,#1629,.F.);
#2191=ORIENTED_EDGE('',*,*,#1630,.T.);
#2192=ORIENTED_EDGE('',*,*,#1631,.F.);
#2193=ORIENTED_EDGE('',*,*,#1545,.F.);
#2194=ORIENTED_EDGE('',*,*,#1569,.F.);
#2195=ORIENTED_EDGE('',*,*,#1632,.F.);
#2196=ORIENTED_EDGE('',*,*,#1633,.F.);
#2197=ORIENTED_EDGE('',*,*,#1634,.F.);
#2198=ORIENTED_EDGE('',*,*,#1635,.T.);
#2199=ORIENTED_EDGE('',*,*,#1636,.F.);
#2200=ORIENTED_EDGE('',*,*,#1637,.F.);
#2201=ORIENTED_EDGE('',*,*,#1602,.T.);
#2202=ORIENTED_EDGE('',*,*,#1521,.T.);
#2203=ORIENTED_EDGE('',*,*,#1524,.T.);
#2204=ORIENTED_EDGE('',*,*,#1527,.T.);
#2205=ORIENTED_EDGE('',*,*,#1586,.T.);
#2206=ORIENTED_EDGE('',*,*,#1580,.T.);
#2207=ORIENTED_EDGE('',*,*,#1583,.T.);
#2208=ORIENTED_EDGE('',*,*,#1585,.T.);
#2209=ORIENTED_EDGE('',*,*,#1628,.F.);
#2210=ORIENTED_EDGE('',*,*,#1638,.T.);
#2211=ORIENTED_EDGE('',*,*,#1618,.T.);
#2212=ORIENTED_EDGE('',*,*,#1639,.F.);
#2213=ORIENTED_EDGE('',*,*,#1640,.T.);
#2214=ORIENTED_EDGE('',*,*,#1641,.T.);
#2215=ORIENTED_EDGE('',*,*,#1642,.T.);
#2216=ORIENTED_EDGE('',*,*,#1629,.T.);
#2217=ORIENTED_EDGE('',*,*,#1626,.F.);
#2218=ORIENTED_EDGE('',*,*,#1637,.T.);
#2219=ORIENTED_EDGE('',*,*,#1643,.F.);
#2220=ORIENTED_EDGE('',*,*,#1644,.F.);
#2221=ORIENTED_EDGE('',*,*,#1365,.T.);
#2222=ORIENTED_EDGE('',*,*,#1619,.F.);
#2223=ORIENTED_EDGE('',*,*,#1638,.F.);
#2224=ORIENTED_EDGE('',*,*,#1627,.F.);
#2225=ORIENTED_EDGE('',*,*,#1644,.T.);
#2226=ORIENTED_EDGE('',*,*,#1645,.F.);
#2227=ORIENTED_EDGE('',*,*,#1646,.F.);
#2228=ORIENTED_EDGE('',*,*,#1613,.F.);
#2229=ORIENTED_EDGE('',*,*,#1385,.T.);
#2230=ORIENTED_EDGE('',*,*,#1603,.F.);
#2231=ORIENTED_EDGE('',*,*,#1431,.T.);
#2232=ORIENTED_EDGE('',*,*,#1601,.F.);
#2233=ORIENTED_EDGE('',*,*,#1645,.T.);
#2234=ORIENTED_EDGE('',*,*,#1643,.T.);
#2235=ORIENTED_EDGE('',*,*,#1636,.T.);
#2236=ORIENTED_EDGE('',*,*,#1647,.T.);
#2237=ORIENTED_EDGE('',*,*,#1647,.F.);
#2238=ORIENTED_EDGE('',*,*,#1635,.F.);
#2239=ORIENTED_EDGE('',*,*,#1648,.T.);
#2240=ORIENTED_EDGE('',*,*,#1649,.T.);
#2241=ORIENTED_EDGE('',*,*,#1650,.T.);
#2242=ORIENTED_EDGE('',*,*,#1651,.F.);
#2243=ORIENTED_EDGE('',*,*,#1614,.F.);
#2244=ORIENTED_EDGE('',*,*,#1646,.T.);
#2245=ORIENTED_EDGE('',*,*,#1652,.T.);
#2246=ORIENTED_EDGE('',*,*,#1653,.T.);
#2247=ORIENTED_EDGE('',*,*,#1615,.T.);
#2248=ORIENTED_EDGE('',*,*,#1651,.T.);
#2249=ORIENTED_EDGE('',*,*,#1653,.F.);
#2250=ORIENTED_EDGE('',*,*,#1654,.T.);
#2251=ORIENTED_EDGE('',*,*,#1655,.F.);
#2252=ORIENTED_EDGE('',*,*,#1616,.T.);
#2253=ORIENTED_EDGE('',*,*,#1656,.T.);
#2254=ORIENTED_EDGE('',*,*,#1657,.T.);
#2255=ORIENTED_EDGE('',*,*,#1658,.T.);
#2256=ORIENTED_EDGE('',*,*,#1659,.T.);
#2257=ORIENTED_EDGE('',*,*,#1617,.T.);
#2258=ORIENTED_EDGE('',*,*,#1655,.T.);
#2259=ORIENTED_EDGE('',*,*,#1660,.T.);
#2260=ORIENTED_EDGE('',*,*,#1639,.T.);
#2261=ORIENTED_EDGE('',*,*,#1652,.F.);
#2262=ORIENTED_EDGE('',*,*,#1650,.F.);
#2263=ORIENTED_EDGE('',*,*,#1661,.F.);
#2264=ORIENTED_EDGE('',*,*,#1662,.F.);
#2265=ORIENTED_EDGE('',*,*,#1663,.F.);
#2266=ORIENTED_EDGE('',*,*,#1566,.T.);
#2267=ORIENTED_EDGE('',*,*,#1664,.T.);
#2268=ORIENTED_EDGE('',*,*,#1665,.F.);
#2269=ORIENTED_EDGE('',*,*,#1666,.T.);
#2270=ORIENTED_EDGE('',*,*,#1667,.F.);
#2271=ORIENTED_EDGE('',*,*,#1668,.T.);
#2272=ORIENTED_EDGE('',*,*,#1570,.T.);
#2273=ORIENTED_EDGE('',*,*,#1547,.F.);
#2274=ORIENTED_EDGE('',*,*,#1669,.T.);
#2275=ORIENTED_EDGE('',*,*,#1670,.F.);
#2276=ORIENTED_EDGE('',*,*,#1640,.F.);
#2277=ORIENTED_EDGE('',*,*,#1660,.F.);
#2278=ORIENTED_EDGE('',*,*,#1654,.F.);
#2279=ORIENTED_EDGE('',*,*,#1457,.T.);
#2280=ORIENTED_EDGE('',*,*,#1453,.T.);
#2281=ORIENTED_EDGE('',*,*,#1456,.T.);
#2282=ORIENTED_EDGE('',*,*,#1459,.T.);
#2283=ORIENTED_EDGE('',*,*,#1483,.T.);
#2284=ORIENTED_EDGE('',*,*,#1477,.T.);
#2285=ORIENTED_EDGE('',*,*,#1480,.T.);
#2286=ORIENTED_EDGE('',*,*,#1482,.T.);
#2287=ORIENTED_EDGE('',*,*,#1491,.T.);
#2288=ORIENTED_EDGE('',*,*,#1494,.T.);
#2289=ORIENTED_EDGE('',*,*,#1499,.T.);
#2290=ORIENTED_EDGE('',*,*,#1605,.T.);
#2291=ORIENTED_EDGE('',*,*,#1525,.T.);
#2292=ORIENTED_EDGE('',*,*,#1507,.T.);
#2293=ORIENTED_EDGE('',*,*,#1510,.T.);
#2294=ORIENTED_EDGE('',*,*,#1513,.T.);
#2295=ORIENTED_EDGE('',*,*,#1596,.T.);
#2296=ORIENTED_EDGE('',*,*,#1600,.T.);
#2297=ORIENTED_EDGE('',*,*,#1598,.T.);
#2298=ORIENTED_EDGE('',*,*,#1593,.T.);
#2299=ORIENTED_EDGE('',*,*,#1623,.F.);
#2300=ORIENTED_EDGE('',*,*,#1624,.F.);
#2301=ORIENTED_EDGE('',*,*,#1466,.F.);
#2302=ORIENTED_EDGE('',*,*,#1671,.F.);
#2303=ORIENTED_EDGE('',*,*,#1657,.F.);
#2304=ORIENTED_EDGE('',*,*,#1672,.F.);
#2305=ORIENTED_EDGE('',*,*,#1462,.F.);
#2306=ORIENTED_EDGE('',*,*,#1621,.F.);
#2307=ORIENTED_EDGE('',*,*,#1464,.F.);
#2308=ORIENTED_EDGE('',*,*,#1673,.F.);
#2309=ORIENTED_EDGE('',*,*,#1659,.F.);
#2310=ORIENTED_EDGE('',*,*,#1674,.T.);
#2311=ORIENTED_EDGE('',*,*,#1465,.F.);
#2312=ORIENTED_EDGE('',*,*,#1674,.F.);
#2313=ORIENTED_EDGE('',*,*,#1658,.F.);
#2314=ORIENTED_EDGE('',*,*,#1671,.T.);
#2315=ORIENTED_EDGE('',*,*,#1463,.F.);
#2316=ORIENTED_EDGE('',*,*,#1672,.T.);
#2317=ORIENTED_EDGE('',*,*,#1656,.F.);
#2318=ORIENTED_EDGE('',*,*,#1673,.T.);
#2319=ORIENTED_EDGE('',*,*,#1634,.T.);
#2320=ORIENTED_EDGE('',*,*,#1675,.F.);
#2321=ORIENTED_EDGE('',*,*,#1676,.T.);
#2322=ORIENTED_EDGE('',*,*,#1648,.F.);
#2323=ORIENTED_EDGE('',*,*,#1392,.T.);
#2324=ORIENTED_EDGE('',*,*,#1381,.T.);
#2325=ORIENTED_EDGE('',*,*,#1389,.T.);
#2326=ORIENTED_EDGE('',*,*,#1391,.T.);
#2327=ORIENTED_EDGE('',*,*,#1633,.T.);
#2328=ORIENTED_EDGE('',*,*,#1677,.F.);
#2329=ORIENTED_EDGE('',*,*,#1662,.T.);
#2330=ORIENTED_EDGE('',*,*,#1678,.F.);
#2331=ORIENTED_EDGE('',*,*,#1675,.T.);
#2332=ORIENTED_EDGE('',*,*,#1564,.T.);
#2333=ORIENTED_EDGE('',*,*,#1567,.T.);
#2334=ORIENTED_EDGE('',*,*,#1663,.T.);
#2335=ORIENTED_EDGE('',*,*,#1677,.T.);
#2336=ORIENTED_EDGE('',*,*,#1632,.T.);
#2337=ORIENTED_EDGE('',*,*,#1568,.T.);
#2338=ORIENTED_EDGE('',*,*,#1556,.T.);
#2339=ORIENTED_EDGE('',*,*,#1560,.T.);
#2340=ORIENTED_EDGE('',*,*,#1404,.T.);
#2341=ORIENTED_EDGE('',*,*,#1438,.T.);
#2342=ORIENTED_EDGE('',*,*,#1607,.T.);
#2343=ORIENTED_EDGE('',*,*,#1370,.T.);
#2344=ORIENTED_EDGE('',*,*,#1443,.F.);
#2345=ORIENTED_EDGE('',*,*,#1679,.T.);
#2346=ORIENTED_EDGE('',*,*,#1665,.T.);
#2347=ORIENTED_EDGE('',*,*,#1680,.T.);
#2348=ORIENTED_EDGE('',*,*,#1679,.F.);
#2349=ORIENTED_EDGE('',*,*,#1442,.T.);
#2350=ORIENTED_EDGE('',*,*,#1681,.F.);
#2351=ORIENTED_EDGE('',*,*,#1666,.F.);
#2352=ORIENTED_EDGE('',*,*,#1441,.F.);
#2353=ORIENTED_EDGE('',*,*,#1682,.T.);
#2354=ORIENTED_EDGE('',*,*,#1667,.T.);
#2355=ORIENTED_EDGE('',*,*,#1681,.T.);
#2356=ORIENTED_EDGE('',*,*,#1682,.F.);
#2357=ORIENTED_EDGE('',*,*,#1440,.T.);
#2358=ORIENTED_EDGE('',*,*,#1571,.F.);
#2359=ORIENTED_EDGE('',*,*,#1668,.F.);
#2360=ORIENTED_EDGE('',*,*,#1680,.F.);
#2361=ORIENTED_EDGE('',*,*,#1664,.F.);
#2362=ORIENTED_EDGE('',*,*,#1565,.F.);
#2363=ORIENTED_EDGE('',*,*,#1444,.T.);
#2364=ORIENTED_EDGE('',*,*,#1676,.F.);
#2365=ORIENTED_EDGE('',*,*,#1678,.T.);
#2366=ORIENTED_EDGE('',*,*,#1661,.T.);
#2367=ORIENTED_EDGE('',*,*,#1649,.F.);
#2368=ORIENTED_EDGE('',*,*,#1670,.T.);
#2369=ORIENTED_EDGE('',*,*,#1683,.T.);
#2370=ORIENTED_EDGE('',*,*,#1684,.T.);
#2371=ORIENTED_EDGE('',*,*,#1641,.F.);
#2372=ORIENTED_EDGE('',*,*,#1631,.T.);
#2373=ORIENTED_EDGE('',*,*,#1685,.F.);
#2374=ORIENTED_EDGE('',*,*,#1683,.F.);
#2375=ORIENTED_EDGE('',*,*,#1669,.F.);
#2376=ORIENTED_EDGE('',*,*,#1546,.F.);
#2377=ORIENTED_EDGE('',*,*,#1630,.F.);
#2378=ORIENTED_EDGE('',*,*,#1642,.F.);
#2379=ORIENTED_EDGE('',*,*,#1684,.F.);
#2380=ORIENTED_EDGE('',*,*,#1685,.T.);
#2381=ORIENTED_EDGE('',*,*,#1511,.T.);
#2382=ORIENTED_EDGE('',*,*,#1358,.T.);
#2383=ORIENTED_EDGE('',*,*,#1361,.T.);
#2384=ORIENTED_EDGE('',*,*,#1368,.T.);
#2385=ORIENTED_EDGE('',*,*,#1686,.F.);
#2386=ORIENTED_EDGE('',*,*,#1687,.T.);
#2387=ORIENTED_EDGE('',*,*,#1688,.F.);
#2388=ORIENTED_EDGE('',*,*,#1689,.F.);
#2389=ORIENTED_EDGE('',*,*,#1690,.F.);
#2390=ORIENTED_EDGE('',*,*,#1689,.T.);
#2391=ORIENTED_EDGE('',*,*,#1691,.F.);
#2392=ORIENTED_EDGE('',*,*,#1692,.F.);
#2393=ORIENTED_EDGE('',*,*,#1693,.F.);
#2394=ORIENTED_EDGE('',*,*,#1687,.F.);
#2395=ORIENTED_EDGE('',*,*,#1692,.T.);
#2396=ORIENTED_EDGE('',*,*,#1686,.T.);
#2397=ORIENTED_EDGE('',*,*,#1690,.T.);
#2398=ORIENTED_EDGE('',*,*,#1694,.T.);
#2399=ORIENTED_EDGE('',*,*,#1695,.F.);
#2400=ORIENTED_EDGE('',*,*,#1696,.T.);
#2401=ORIENTED_EDGE('',*,*,#1697,.F.);
#2402=ORIENTED_EDGE('',*,*,#1698,.T.);
#2403=ORIENTED_EDGE('',*,*,#1699,.T.);
#2404=ORIENTED_EDGE('',*,*,#1700,.T.);
#2405=ORIENTED_EDGE('',*,*,#1696,.F.);
#2406=ORIENTED_EDGE('',*,*,#1701,.F.);
#2407=ORIENTED_EDGE('',*,*,#1702,.F.);
#2408=ORIENTED_EDGE('',*,*,#1703,.T.);
#2409=ORIENTED_EDGE('',*,*,#1698,.F.);
#2410=ORIENTED_EDGE('',*,*,#1704,.F.);
#2411=ORIENTED_EDGE('',*,*,#1705,.F.);
#2412=ORIENTED_EDGE('',*,*,#1706,.T.);
#2413=ORIENTED_EDGE('',*,*,#1701,.T.);
#2414=ORIENTED_EDGE('',*,*,#1695,.T.);
#2415=ORIENTED_EDGE('',*,*,#1707,.T.);
#2416=ORIENTED_EDGE('',*,*,#1708,.T.);
#2417=ORIENTED_EDGE('',*,*,#1702,.T.);
#2418=ORIENTED_EDGE('',*,*,#1708,.F.);
#2419=ORIENTED_EDGE('',*,*,#1709,.F.);
#2420=ORIENTED_EDGE('',*,*,#1710,.F.);
#2421=ORIENTED_EDGE('',*,*,#1705,.T.);
#2422=ORIENTED_EDGE('',*,*,#1711,.T.);
#2423=ORIENTED_EDGE('',*,*,#1693,.T.);
#2424=ORIENTED_EDGE('',*,*,#1700,.F.);
#2425=ORIENTED_EDGE('',*,*,#1712,.F.);
#2426=ORIENTED_EDGE('',*,*,#1709,.T.);
#2427=ORIENTED_EDGE('',*,*,#1707,.F.);
#2428=ORIENTED_EDGE('',*,*,#1694,.F.);
#2429=ORIENTED_EDGE('',*,*,#1691,.T.);
#2430=ORIENTED_EDGE('',*,*,#1688,.T.);
#2431=ORIENTED_EDGE('',*,*,#1703,.F.);
#2432=ORIENTED_EDGE('',*,*,#1711,.F.);
#2433=ORIENTED_EDGE('',*,*,#1704,.T.);
#2434=ORIENTED_EDGE('',*,*,#1697,.T.);
#2435=ORIENTED_EDGE('',*,*,#1706,.F.);
#2436=ORIENTED_EDGE('',*,*,#1710,.T.);
#2437=ORIENTED_EDGE('',*,*,#1712,.T.);
#2438=ORIENTED_EDGE('',*,*,#1699,.F.);
#2439=CYLINDRICAL_SURFACE('',#2621,0.8115);
#2440=CYLINDRICAL_SURFACE('',#2631,0.8115);
#2441=CYLINDRICAL_SURFACE('',#2661,0.8115);
#2442=CYLINDRICAL_SURFACE('',#2672,0.8115);
#2443=CYLINDRICAL_SURFACE('',#2680,0.8115);
#2444=CYLINDRICAL_SURFACE('',#2687,0.8115);
#2445=CYLINDRICAL_SURFACE('',#2694,0.8115);
#2446=CYLINDRICAL_SURFACE('',#2702,0.8115);
#2447=CYLINDRICAL_SURFACE('',#2709,0.8115);
#2448=CYLINDRICAL_SURFACE('',#2718,5.);
#2449=CYLINDRICAL_SURFACE('',#2721,0.8115);
#2450=CYLINDRICAL_SURFACE('',#2731,0.8115);
#2451=CYLINDRICAL_SURFACE('',#2742,0.8115);
#2452=CYLINDRICAL_SURFACE('',#2745,3.);
#2453=CYLINDRICAL_SURFACE('',#2748,3.);
#2454=CYLINDRICAL_SURFACE('',#2750,3.);
#2455=CYLINDRICAL_SURFACE('',#2753,3.);
#2456=CYLINDRICAL_SURFACE('',#2760,1.5);
#2457=CYLINDRICAL_SURFACE('',#2761,1.5);
#2458=CYLINDRICAL_SURFACE('',#2768,5.);
#2459=CYLINDRICAL_SURFACE('',#2780,5.);
#2460=CYLINDRICAL_SURFACE('',#2784,5.);
#2461=CYLINDRICAL_SURFACE('',#2787,5.);
#2462=CYLINDRICAL_SURFACE('',#2797,119.506462677606);
#2463=CYLINDRICAL_SURFACE('',#2801,5.);
#2464=CYLINDRICAL_SURFACE('',#2802,1.5);
#2465=CYLINDRICAL_SURFACE('',#2803,5.);
#2466=CYLINDRICAL_SURFACE('',#2805,5.);
#2467=CYLINDRICAL_SURFACE('',#2808,20.);
#2468=CYLINDRICAL_SURFACE('',#2809,20.);
#2469=CYLINDRICAL_SURFACE('',#2813,119.506462677606);
#2470=CYLINDRICAL_SURFACE('',#2820,5.);
#2471=CYLINDRICAL_SURFACE('',#2822,5.);
#2472=ADVANCED_FACE('',(#171),#2439,.F.);
#2473=ADVANCED_FACE('',(#172,#35),#70,.T.);
#2474=ADVANCED_FACE('',(#173),#71,.F.);
#2475=ADVANCED_FACE('',(#174),#72,.F.);
#2476=ADVANCED_FACE('',(#175),#73,.F.);
#2477=ADVANCED_FACE('',(#176),#74,.F.);
#2478=ADVANCED_FACE('',(#177),#75,.T.);
#2479=ADVANCED_FACE('',(#178),#2440,.F.);
#2480=ADVANCED_FACE('',(#179,#36),#76,.T.);
#2481=ADVANCED_FACE('',(#180),#77,.F.);
#2482=ADVANCED_FACE('',(#181),#78,.F.);
#2483=ADVANCED_FACE('',(#182),#79,.F.);
#2484=ADVANCED_FACE('',(#183),#80,.F.);
#2485=ADVANCED_FACE('',(#184),#81,.F.);
#2486=ADVANCED_FACE('',(#185,#37,#38,#39,#40,#41,#42,#43,#44,#45,#46,#47,
#48,#49),#82,.T.);
#2487=ADVANCED_FACE('',(#186),#83,.T.);
#2488=ADVANCED_FACE('',(#187),#2441,.F.);
#2489=ADVANCED_FACE('',(#188,#50),#84,.T.);
#2490=ADVANCED_FACE('',(#189),#85,.F.);
#2491=ADVANCED_FACE('',(#190),#86,.F.);
#2492=ADVANCED_FACE('',(#191),#87,.F.);
#2493=ADVANCED_FACE('',(#192),#88,.F.);
#2494=ADVANCED_FACE('',(#193),#89,.T.);
#2495=ADVANCED_FACE('',(#194),#90,.F.);
#2496=ADVANCED_FACE('',(#195),#2442,.F.);
#2497=ADVANCED_FACE('',(#196,#51),#91,.T.);
#2498=ADVANCED_FACE('',(#197),#92,.F.);
#2499=ADVANCED_FACE('',(#198),#93,.F.);
#2500=ADVANCED_FACE('',(#199),#94,.F.);
#2501=ADVANCED_FACE('',(#200),#95,.F.);
#2502=ADVANCED_FACE('',(#201),#96,.T.);
#2503=ADVANCED_FACE('',(#202),#2443,.F.);
#2504=ADVANCED_FACE('',(#203,#52),#97,.T.);
#2505=ADVANCED_FACE('',(#204),#98,.F.);
#2506=ADVANCED_FACE('',(#205),#99,.F.);
#2507=ADVANCED_FACE('',(#206),#100,.F.);
#2508=ADVANCED_FACE('',(#207),#101,.F.);
#2509=ADVANCED_FACE('',(#208),#2444,.F.);
#2510=ADVANCED_FACE('',(#209,#53),#102,.T.);
#2511=ADVANCED_FACE('',(#210),#103,.F.);
#2512=ADVANCED_FACE('',(#211),#104,.F.);
#2513=ADVANCED_FACE('',(#212),#105,.F.);
#2514=ADVANCED_FACE('',(#213),#106,.F.);
#2515=ADVANCED_FACE('',(#214),#2445,.F.);
#2516=ADVANCED_FACE('',(#215,#54),#107,.T.);
#2517=ADVANCED_FACE('',(#216),#108,.F.);
#2518=ADVANCED_FACE('',(#217),#109,.F.);
#2519=ADVANCED_FACE('',(#218),#110,.F.);
#2520=ADVANCED_FACE('',(#219),#111,.F.);
#2521=ADVANCED_FACE('',(#220),#2446,.F.);
#2522=ADVANCED_FACE('',(#221,#55),#112,.T.);
#2523=ADVANCED_FACE('',(#222),#113,.F.);
#2524=ADVANCED_FACE('',(#223),#114,.F.);
#2525=ADVANCED_FACE('',(#224),#115,.F.);
#2526=ADVANCED_FACE('',(#225),#116,.F.);
#2527=ADVANCED_FACE('',(#226),#2447,.F.);
#2528=ADVANCED_FACE('',(#227,#56),#117,.T.);
#2529=ADVANCED_FACE('',(#228),#118,.F.);
#2530=ADVANCED_FACE('',(#229),#119,.F.);
#2531=ADVANCED_FACE('',(#230),#120,.F.);
#2532=ADVANCED_FACE('',(#231),#121,.F.);
#2533=ADVANCED_FACE('',(#232),#2448,.T.);
#2534=ADVANCED_FACE('',(#233),#2449,.F.);
#2535=ADVANCED_FACE('',(#234,#57),#122,.T.);
#2536=ADVANCED_FACE('',(#235),#123,.F.);
#2537=ADVANCED_FACE('',(#236),#124,.F.);
#2538=ADVANCED_FACE('',(#237),#125,.F.);
#2539=ADVANCED_FACE('',(#238),#126,.F.);
#2540=ADVANCED_FACE('',(#239),#127,.F.);
#2541=ADVANCED_FACE('',(#240),#2450,.F.);
#2542=ADVANCED_FACE('',(#241,#58),#128,.T.);
#2543=ADVANCED_FACE('',(#242),#129,.F.);
#2544=ADVANCED_FACE('',(#243),#130,.F.);
#2545=ADVANCED_FACE('',(#244),#131,.F.);
#2546=ADVANCED_FACE('',(#245),#132,.F.);
#2547=ADVANCED_FACE('',(#246,#59),#133,.T.);
#2548=ADVANCED_FACE('',(#247),#134,.F.);
#2549=ADVANCED_FACE('',(#248),#135,.F.);
#2550=ADVANCED_FACE('',(#249),#2451,.F.);
#2551=ADVANCED_FACE('',(#250),#136,.F.);
#2552=ADVANCED_FACE('',(#251),#137,.F.);
#2553=ADVANCED_FACE('',(#252),#2452,.F.);
#2554=ADVANCED_FACE('',(#253),#138,.F.);
#2555=ADVANCED_FACE('',(#254),#2453,.F.);
#2556=ADVANCED_FACE('',(#255),#2454,.F.);
#2557=ADVANCED_FACE('',(#256),#139,.F.);
#2558=ADVANCED_FACE('',(#257),#2455,.F.);
#2559=ADVANCED_FACE('',(#258),#140,.T.);
#2560=ADVANCED_FACE('',(#259),#141,.F.);
#2561=ADVANCED_FACE('',(#260),#2456,.F.);
#2562=ADVANCED_FACE('',(#261),#2457,.F.);
#2563=ADVANCED_FACE('',(#262),#142,.T.);
#2564=ADVANCED_FACE('',(#263),#143,.F.);
#2565=ADVANCED_FACE('',(#264),#144,.F.);
#2566=ADVANCED_FACE('',(#265),#145,.F.);
#2567=ADVANCED_FACE('',(#266),#2458,.T.);
#2568=ADVANCED_FACE('',(#267,#60,#61),#146,.T.);
#2569=ADVANCED_FACE('',(#268),#147,.T.);
#2570=ADVANCED_FACE('',(#269),#148,.T.);
#2571=ADVANCED_FACE('',(#270),#149,.T.);
#2572=ADVANCED_FACE('',(#271),#2459,.T.);
#2573=ADVANCED_FACE('',(#272),#150,.T.);
#2574=ADVANCED_FACE('',(#273),#2460,.T.);
#2575=ADVANCED_FACE('',(#274,#62),#151,.T.);
#2576=ADVANCED_FACE('',(#275),#2461,.T.);
#2577=ADVANCED_FACE('',(#276,#63,#64,#65,#66,#67),#152,.T.);
#2578=ADVANCED_FACE('',(#277),#153,.F.);
#2579=ADVANCED_FACE('',(#278),#154,.F.);
#2580=ADVANCED_FACE('',(#279),#155,.F.);
#2581=ADVANCED_FACE('',(#280),#156,.F.);
#2582=ADVANCED_FACE('',(#281,#68),#2462,.F.);
#2583=ADVANCED_FACE('',(#282),#157,.F.);
#2584=ADVANCED_FACE('',(#283),#2463,.T.);
#2585=ADVANCED_FACE('',(#284),#2464,.F.);
#2586=ADVANCED_FACE('',(#285),#2465,.F.);
#2587=ADVANCED_FACE('',(#286),#158,.F.);
#2588=ADVANCED_FACE('',(#287),#2466,.F.);
#2589=ADVANCED_FACE('',(#288),#159,.F.);
#2590=ADVANCED_FACE('',(#289),#160,.F.);
#2591=ADVANCED_FACE('',(#290),#2467,.T.);
#2592=ADVANCED_FACE('',(#291),#2468,.T.);
#2593=ADVANCED_FACE('',(#292),#161,.T.);
#2594=ADVANCED_FACE('',(#293,#69),#2469,.F.);
#2595=ADVANCED_FACE('',(#294),#162,.F.);
#2596=ADVANCED_FACE('',(#295),#163,.F.);
#2597=ADVANCED_FACE('',(#296),#164,.F.);
#2598=ADVANCED_FACE('',(#297),#165,.T.);
#2599=ADVANCED_FACE('',(#298),#2470,.T.);
#2600=ADVANCED_FACE('',(#299),#2471,.T.);
#2601=ADVANCED_FACE('',(#300),#166,.F.);
#2602=ADVANCED_FACE('',(#301),#167,.T.);
#2603=ADVANCED_FACE('',(#302),#168,.T.);
#2604=ADVANCED_FACE('',(#303),#169,.T.);
#2605=ADVANCED_FACE('',(#304),#170,.T.);
#2606=CLOSED_SHELL('',(#2472,#2473,#2474,#2475,#2476,#2477,#2478,#2479,
#2480,#2481,#2482,#2483,#2484,#2485,#2486,#2487,#2488,#2489,#2490,#2491,
#2492,#2493,#2494,#2495,#2496,#2497,#2498,#2499,#2500,#2501,#2502,#2503,
#2504,#2505,#2506,#2507,#2508,#2509,#2510,#2511,#2512,#2513,#2514,#2515,
#2516,#2517,#2518,#2519,#2520,#2521,#2522,#2523,#2524,#2525,#2526,#2527,
#2528,#2529,#2530,#2531,#2532,#2533,#2534,#2535,#2536,#2537,#2538,#2539,
#2540,#2541,#2542,#2543,#2544,#2545,#2546,#2547,#2548,#2549,#2550,#2551,
#2552,#2553,#2554,#2555,#2556,#2557,#2558,#2559,#2560,#2561,#2562,#2563,
#2564,#2565,#2566,#2567,#2568,#2569,#2570,#2571,#2572,#2573,#2574,#2575,
#2576,#2577,#2578,#2579,#2580,#2581,#2582,#2583,#2584,#2585,#2586,#2587,
#2588,#2589,#2590,#2591,#2592,#2593,#2594));
#2607=CLOSED_SHELL('',(#2595,#2596,#2597,#2598,#2599,#2600,#2601,#2602,
#2603,#2604,#2605));
#2608=DERIVED_UNIT_ELEMENT(#2610,1.);
#2609=DERIVED_UNIT_ELEMENT(#4281,-3.);
#2610=(
MASS_UNIT()
NAMED_UNIT(*)
SI_UNIT(.KILO.,.GRAM.)
);
#2611=DERIVED_UNIT((#2608,#2609));
#2612=MEASURE_REPRESENTATION_ITEM('density measure',
POSITIVE_RATIO_MEASURE(7850.),#2611);
#2613=PROPERTY_DEFINITION_REPRESENTATION(#2618,#2615);
#2614=PROPERTY_DEFINITION_REPRESENTATION(#2619,#2616);
#2615=REPRESENTATION('material name',(#2617),#4278);
#2616=REPRESENTATION('density',(#2612),#4278);
#2617=DESCRIPTIVE_REPRESENTATION_ITEM('Steel','Steel');
#2618=PROPERTY_DEFINITION('material property','material name',#4288);
#2619=PROPERTY_DEFINITION('material property','density of part',#4288);
#2620=AXIS2_PLACEMENT_3D('',#3536,#2829,#2830);
#2621=AXIS2_PLACEMENT_3D('',#3537,#2831,#2832);
#2622=AXIS2_PLACEMENT_3D('',#3539,#2833,#2834);
#2623=AXIS2_PLACEMENT_3D('',#3542,#2836,#2837);
#2624=AXIS2_PLACEMENT_3D('',#3543,#2838,#2839);
#2625=AXIS2_PLACEMENT_3D('',#3552,#2844,#2845);
#2626=AXIS2_PLACEMENT_3D('',#3558,#2849,#2850);
#2627=AXIS2_PLACEMENT_3D('',#3561,#2852,#2853);
#2628=AXIS2_PLACEMENT_3D('',#3562,#2854,#2855);
#2629=AXIS2_PLACEMENT_3D('',#3573,#2861,#2862);
#2630=AXIS2_PLACEMENT_3D('',#3577,#2865,#2866);
#2631=AXIS2_PLACEMENT_3D('',#3586,#2871,#2872);
#2632=AXIS2_PLACEMENT_3D('',#3588,#2873,#2874);
#2633=AXIS2_PLACEMENT_3D('',#3591,#2876,#2877);
#2634=AXIS2_PLACEMENT_3D('',#3592,#2878,#2879);
#2635=AXIS2_PLACEMENT_3D('',#3601,#2884,#2885);
#2636=AXIS2_PLACEMENT_3D('',#3607,#2889,#2890);
#2637=AXIS2_PLACEMENT_3D('',#3618,#2896,#2897);
#2638=AXIS2_PLACEMENT_3D('',#3621,#2899,#2900);
#2639=AXIS2_PLACEMENT_3D('',#3622,#2901,#2902);
#2640=AXIS2_PLACEMENT_3D('',#3626,#2905,#2906);
#2641=AXIS2_PLACEMENT_3D('',#3627,#2907,#2908);
#2642=AXIS2_PLACEMENT_3D('',#3628,#2909,#2910);
#2643=AXIS2_PLACEMENT_3D('',#3630,#2911,#2912);
#2644=AXIS2_PLACEMENT_3D('',#3633,#2914,#2915);
#2645=AXIS2_PLACEMENT_3D('',#3635,#2916,#2917);
#2646=AXIS2_PLACEMENT_3D('',#3638,#2919,#2920);
#2647=AXIS2_PLACEMENT_3D('',#3642,#2922,#2923);
#2648=AXIS2_PLACEMENT_3D('',#3646,#2925,#2926);
#2649=AXIS2_PLACEMENT_3D('',#3649,#2928,#2929);
#2650=AXIS2_PLACEMENT_3D('',#3651,#2930,#2931);
#2651=AXIS2_PLACEMENT_3D('',#3653,#2932,#2933);
#2652=AXIS2_PLACEMENT_3D('',#3655,#2934,#2935);
#2653=AXIS2_PLACEMENT_3D('',#3657,#2936,#2937);
#2654=AXIS2_PLACEMENT_3D('',#3659,#2938,#2939);
#2655=AXIS2_PLACEMENT_3D('',#3661,#2940,#2941);
#2656=AXIS2_PLACEMENT_3D('',#3663,#2942,#2943);
#2657=AXIS2_PLACEMENT_3D('',#3665,#2944,#2945);
#2658=AXIS2_PLACEMENT_3D('',#3667,#2946,#2947);
#2659=AXIS2_PLACEMENT_3D('',#3669,#2948,#2949);
#2660=AXIS2_PLACEMENT_3D('',#3670,#2950,#2951);
#2661=AXIS2_PLACEMENT_3D('',#3676,#2955,#2956);
#2662=AXIS2_PLACEMENT_3D('',#3679,#2958,#2959);
#2663=AXIS2_PLACEMENT_3D('',#3680,#2960,#2961);
#2664=AXIS2_PLACEMENT_3D('',#3689,#2966,#2967);
#2665=AXIS2_PLACEMENT_3D('',#3697,#2972,#2973);
#2666=AXIS2_PLACEMENT_3D('',#3701,#2976,#2977);
#2667=AXIS2_PLACEMENT_3D('',#3707,#2981,#2982);
#2668=AXIS2_PLACEMENT_3D('',#3713,#2986,#2987);
#2669=AXIS2_PLACEMENT_3D('',#3719,#2991,#2992);
#2670=AXIS2_PLACEMENT_3D('',#3725,#2995,#2996);
#2671=AXIS2_PLACEMENT_3D('',#3729,#2998,#2999);
#2672=AXIS2_PLACEMENT_3D('',#3733,#3002,#3003);
#2673=AXIS2_PLACEMENT_3D('',#3736,#3005,#3006);
#2674=AXIS2_PLACEMENT_3D('',#3737,#3007,#3008);
#2675=AXIS2_PLACEMENT_3D('',#3746,#3013,#3014);
#2676=AXIS2_PLACEMENT_3D('',#3752,#3018,#3019);
#2677=AXIS2_PLACEMENT_3D('',#3756,#3022,#3023);
#2678=AXIS2_PLACEMENT_3D('',#3760,#3026,#3027);
#2679=AXIS2_PLACEMENT_3D('',#3762,#3029,#3030);
#2680=AXIS2_PLACEMENT_3D('',#3782,#3041,#3042);
#2681=AXIS2_PLACEMENT_3D('',#3785,#3044,#3045);
#2682=AXIS2_PLACEMENT_3D('',#3786,#3046,#3047);
#2683=AXIS2_PLACEMENT_3D('',#3795,#3052,#3053);
#2684=AXIS2_PLACEMENT_3D('',#3801,#3057,#3058);
#2685=AXIS2_PLACEMENT_3D('',#3805,#3061,#3062);
#2686=AXIS2_PLACEMENT_3D('',#3809,#3065,#3066);
#2687=AXIS2_PLACEMENT_3D('',#3811,#3068,#3069);
#2688=AXIS2_PLACEMENT_3D('',#3814,#3071,#3072);
#2689=AXIS2_PLACEMENT_3D('',#3815,#3073,#3074);
#2690=AXIS2_PLACEMENT_3D('',#3824,#3079,#3080);
#2691=AXIS2_PLACEMENT_3D('',#3830,#3084,#3085);
#2692=AXIS2_PLACEMENT_3D('',#3834,#3088,#3089);
#2693=AXIS2_PLACEMENT_3D('',#3840,#3093,#3094);
#2694=AXIS2_PLACEMENT_3D('',#3844,#3097,#3098);
#2695=AXIS2_PLACEMENT_3D('',#3847,#3100,#3101);
#2696=AXIS2_PLACEMENT_3D('',#3848,#3102,#3103);
#2697=AXIS2_PLACEMENT_3D('',#3857,#3108,#3109);
#2698=AXIS2_PLACEMENT_3D('',#3863,#3113,#3114);
#2699=AXIS2_PLACEMENT_3D('',#3867,#3117,#3118);
#2700=AXIS2_PLACEMENT_3D('',#3868,#3119,#3120);
#2701=AXIS2_PLACEMENT_3D('',#3869,#3121,#3122);
#2702=AXIS2_PLACEMENT_3D('',#3873,#3125,#3126);
#2703=AXIS2_PLACEMENT_3D('',#3876,#3128,#3129);
#2704=AXIS2_PLACEMENT_3D('',#3877,#3130,#3131);
#2705=AXIS2_PLACEMENT_3D('',#3886,#3136,#3137);
#2706=AXIS2_PLACEMENT_3D('',#3892,#3141,#3142);
#2707=AXIS2_PLACEMENT_3D('',#3896,#3145,#3146);
#2708=AXIS2_PLACEMENT_3D('',#3898,#3148,#3149);
#2709=AXIS2_PLACEMENT_3D('',#3902,#3152,#3153);
#2710=AXIS2_PLACEMENT_3D('',#3905,#3155,#3156);
#2711=AXIS2_PLACEMENT_3D('',#3906,#3157,#3158);
#2712=AXIS2_PLACEMENT_3D('',#3915,#3163,#3164);
#2713=AXIS2_PLACEMENT_3D('',#3921,#3167,#3168);
#2714=AXIS2_PLACEMENT_3D('',#3923,#3170,#3171);
#2715=AXIS2_PLACEMENT_3D('',#3927,#3174,#3175);
#2716=AXIS2_PLACEMENT_3D('',#3931,#3178,#3179);
#2717=AXIS2_PLACEMENT_3D('',#3933,#3180,#3181);
#2718=AXIS2_PLACEMENT_3D('',#3935,#3183,#3184);
#2719=AXIS2_PLACEMENT_3D('',#3939,#3186,#3187);
#2720=AXIS2_PLACEMENT_3D('',#3943,#3189,#3190);
#2721=AXIS2_PLACEMENT_3D('',#3945,#3192,#3193);
#2722=AXIS2_PLACEMENT_3D('',#3948,#3195,#3196);
#2723=AXIS2_PLACEMENT_3D('',#3949,#3197,#3198);
#2724=AXIS2_PLACEMENT_3D('',#3958,#3203,#3204);
#2725=AXIS2_PLACEMENT_3D('',#3962,#3206,#3207);
#2726=AXIS2_PLACEMENT_3D('',#3966,#3210,#3211);
#2727=AXIS2_PLACEMENT_3D('',#3970,#3214,#3215);
#2728=AXIS2_PLACEMENT_3D('',#3974,#3218,#3219);
#2729=AXIS2_PLACEMENT_3D('',#3977,#3221,#3222);
#2730=AXIS2_PLACEMENT_3D('',#3978,#3223,#3224);
#2731=AXIS2_PLACEMENT_3D('',#3991,#3233,#3234);
#2732=AXIS2_PLACEMENT_3D('',#3994,#3236,#3237);
#2733=AXIS2_PLACEMENT_3D('',#3995,#3238,#3239);
#2734=AXIS2_PLACEMENT_3D('',#4004,#3244,#3245);
#2735=AXIS2_PLACEMENT_3D('',#4010,#3249,#3250);
#2736=AXIS2_PLACEMENT_3D('',#4014,#3253,#3254);
#2737=AXIS2_PLACEMENT_3D('',#4018,#3257,#3258);
#2738=AXIS2_PLACEMENT_3D('',#4020,#3260,#3261);
#2739=AXIS2_PLACEMENT_3D('',#4030,#3266,#3267);
#2740=AXIS2_PLACEMENT_3D('',#4031,#3268,#3269);
#2741=AXIS2_PLACEMENT_3D('',#4037,#3273,#3274);
#2742=AXIS2_PLACEMENT_3D('',#4041,#3277,#3278);
#2743=AXIS2_PLACEMENT_3D('',#4043,#3280,#3281);
#2744=AXIS2_PLACEMENT_3D('',#4047,#3284,#3285);
#2745=AXIS2_PLACEMENT_3D('',#4049,#3287,#3288);
#2746=AXIS2_PLACEMENT_3D('',#4050,#3289,#3290);
#2747=AXIS2_PLACEMENT_3D('',#4051,#3291,#3292);
#2748=AXIS2_PLACEMENT_3D('',#4053,#3294,#3295);
#2749=AXIS2_PLACEMENT_3D('',#4054,#3296,#3297);
#2750=AXIS2_PLACEMENT_3D('',#4055,#3298,#3299);
#2751=AXIS2_PLACEMENT_3D('',#4056,#3300,#3301);
#2752=AXIS2_PLACEMENT_3D('',#4057,#3302,#3303);
#2753=AXIS2_PLACEMENT_3D('',#4059,#3305,#3306);
#2754=AXIS2_PLACEMENT_3D('',#4060,#3307,#3308);
#2755=AXIS2_PLACEMENT_3D('',#4061,#3309,#3310);
#2756=AXIS2_PLACEMENT_3D('',#4062,#3311,#3312);
#2757=AXIS2_PLACEMENT_3D('',#4063,#3313,#3314);
#2758=AXIS2_PLACEMENT_3D('',#4064,#3315,#3316);
#2759=AXIS2_PLACEMENT_3D('',#4070,#3320,#3321);
#2760=AXIS2_PLACEMENT_3D('',#4071,#3322,#3323);
#2761=AXIS2_PLACEMENT_3D('',#4072,#3324,#3325);
#2762=AXIS2_PLACEMENT_3D('',#4073,#3326,#3327);
#2763=AXIS2_PLACEMENT_3D('',#4079,#3330,#3331);
#2764=AXIS2_PLACEMENT_3D('',#4083,#3333,#3334);
#2765=AXIS2_PLACEMENT_3D('',#4087,#3337,#3338);
#2766=AXIS2_PLACEMENT_3D('',#4091,#3341,#3342);
#2767=AXIS2_PLACEMENT_3D('',#4095,#3345,#3346);
#2768=AXIS2_PLACEMENT_3D('',#4097,#3348,#3349);
#2769=AXIS2_PLACEMENT_3D('',#4100,#3350,#3351);
#2770=AXIS2_PLACEMENT_3D('',#4104,#3353,#3354);
#2771=AXIS2_PLACEMENT_3D('',#4106,#3356,#3357);
#2772=AXIS2_PLACEMENT_3D('',#4113,#3361,#3362);
#2773=AXIS2_PLACEMENT_3D('',#4121,#3366,#3367);
#2774=AXIS2_PLACEMENT_3D('',#4123,#3369,#3370);
#2775=AXIS2_PLACEMENT_3D('',#4130,#3374,#3375);
#2776=AXIS2_PLACEMENT_3D('',#4131,#3376,#3377);
#2777=AXIS2_PLACEMENT_3D('',#4132,#3378,#3379);
#2778=AXIS2_PLACEMENT_3D('',#4136,#3382,#3383);
#2779=AXIS2_PLACEMENT_3D('',#4138,#3384,#3385);
#2780=AXIS2_PLACEMENT_3D('',#4140,#3387,#3388);
#2781=AXIS2_PLACEMENT_3D('',#4142,#3390,#3391);
#2782=AXIS2_PLACEMENT_3D('',#4144,#3392,#3393);
#2783=AXIS2_PLACEMENT_3D('',#4146,#3394,#3395);
#2784=AXIS2_PLACEMENT_3D('',#4150,#3398,#3399);
#2785=AXIS2_PLACEMENT_3D('',#4152,#3400,#3401);
#2786=AXIS2_PLACEMENT_3D('',#4154,#3403,#3404);
#2787=AXIS2_PLACEMENT_3D('',#4166,#3411,#3412);
#2788=AXIS2_PLACEMENT_3D('',#4167,#3413,#3414);
#2789=AXIS2_PLACEMENT_3D('',#4168,#3415,#3416);
#2790=AXIS2_PLACEMENT_3D('',#4173,#3419,#3420);
#2791=AXIS2_PLACEMENT_3D('',#4177,#3422,#3423);
#2792=AXIS2_PLACEMENT_3D('',#4181,#3425,#3426);
#2793=AXIS2_PLACEMENT_3D('',#4186,#3430,#3431);
#2794=AXIS2_PLACEMENT_3D('',#4189,#3434,#3435);
#2795=AXIS2_PLACEMENT_3D('',#4192,#3438,#3439);
#2796=AXIS2_PLACEMENT_3D('',#4193,#3440,#3441);
#2797=AXIS2_PLACEMENT_3D('',#4194,#3442,#3443);
#2798=AXIS2_PLACEMENT_3D('',#4196,#3444,#3445);
#2799=AXIS2_PLACEMENT_3D('',#4198,#3447,#3448);
#2800=AXIS2_PLACEMENT_3D('',#4200,#3450,#3451);
#2801=AXIS2_PLACEMENT_3D('',#4201,#3452,#3453);
#2802=AXIS2_PLACEMENT_3D('',#4202,#3454,#3455);
#2803=AXIS2_PLACEMENT_3D('',#4203,#3456,#3457);
#2804=AXIS2_PLACEMENT_3D('',#4206,#3460,#3461);
#2805=AXIS2_PLACEMENT_3D('',#4208,#3463,#3464);
#2806=AXIS2_PLACEMENT_3D('',#4210,#3466,#3467);
#2807=AXIS2_PLACEMENT_3D('',#4211,#3468,#3469);
#2808=AXIS2_PLACEMENT_3D('',#4212,#3470,#3471);
#2809=AXIS2_PLACEMENT_3D('',#4213,#3472,#3473);
#2810=AXIS2_PLACEMENT_3D('',#4215,#3474,#3475);
#2811=AXIS2_PLACEMENT_3D('',#4217,#3477,#3478);
#2812=AXIS2_PLACEMENT_3D('',#4218,#3479,#3480);
#2813=AXIS2_PLACEMENT_3D('',#4219,#3481,#3482);
#2814=AXIS2_PLACEMENT_3D('',#4220,#3483,#3484);
#2815=AXIS2_PLACEMENT_3D('',#4229,#3489,#3490);
#2816=AXIS2_PLACEMENT_3D('',#4233,#3493,#3494);
#2817=AXIS2_PLACEMENT_3D('',#4237,#3497,#3498);
#2818=AXIS2_PLACEMENT_3D('',#4243,#3501,#3502);
#2819=AXIS2_PLACEMENT_3D('',#4247,#3504,#3505);
#2820=AXIS2_PLACEMENT_3D('',#4251,#3508,#3509);
#2821=AXIS2_PLACEMENT_3D('',#4255,#3511,#3512);
#2822=AXIS2_PLACEMENT_3D('',#4257,#3514,#3515);
#2823=AXIS2_PLACEMENT_3D('',#4261,#3517,#3518);
#2824=AXIS2_PLACEMENT_3D('',#4263,#3520,#3521);
#2825=AXIS2_PLACEMENT_3D('',#4267,#3524,#3525);
#2826=AXIS2_PLACEMENT_3D('',#4272,#3529,#3530);
#2827=AXIS2_PLACEMENT_3D('',#4274,#3532,#3533);
#2828=AXIS2_PLACEMENT_3D('',#4275,#3534,#3535);
#2829=DIRECTION('axis',(0.,0.,1.));
#2830=DIRECTION('refdir',(1.,0.,0.));
#2831=DIRECTION('center_axis',(0.,0.,-1.));
#2832=DIRECTION('ref_axis',(1.,0.,0.));
#2833=DIRECTION('center_axis',(0.,0.,-1.));
#2834=DIRECTION('ref_axis',(1.,0.,0.));
#2835=DIRECTION('',(0.,0.,-1.));
#2836=DIRECTION('center_axis',(0.,0.,1.));
#2837=DIRECTION('ref_axis',(1.,0.,0.));
#2838=DIRECTION('center_axis',(0.,0.,-1.));
#2839=DIRECTION('ref_axis',(-1.,0.,0.));
#2840=DIRECTION('',(-1.,0.,0.));
#2841=DIRECTION('',(0.,1.,0.));
#2842=DIRECTION('',(1.,0.,0.));
#2843=DIRECTION('',(0.,-1.,0.));
#2844=DIRECTION('center_axis',(0.,-1.,0.));
#2845=DIRECTION('ref_axis',(-1.,0.,0.));
#2846=DIRECTION('',(0.,0.,-1.));
#2847=DIRECTION('',(1.,0.,0.));
#2848=DIRECTION('',(0.,0.,-1.));
#2849=DIRECTION('center_axis',(1.,0.,0.));
#2850=DIRECTION('ref_axis',(0.,-1.,0.));
#2851=DIRECTION('',(0.,0.,-1.));
#2852=DIRECTION('center_axis',(-1.,0.,0.));
#2853=DIRECTION('ref_axis',(0.,-0.00492187974764779,0.999987887476518));
#2854=DIRECTION('center_axis',(-1.,0.,0.));
#2855=DIRECTION('ref_axis',(0.,1.,0.));
#2856=DIRECTION('',(0.,1.,0.));
#2857=DIRECTION('',(0.,0.,-1.));
#2858=DIRECTION('',(0.,1.,0.));
#2859=DIRECTION('',(0.,0.970142500145332,0.242535625036333));
#2860=DIRECTION('',(0.,0.,1.));
#2861=DIRECTION('center_axis',(0.,1.,0.));
#2862=DIRECTION('ref_axis',(1.,0.,0.));
#2863=DIRECTION('',(0.,0.,-1.));
#2864=DIRECTION('',(-1.,0.,0.));
#2865=DIRECTION('center_axis',(1.,0.,0.));
#2866=DIRECTION('ref_axis',(0.,1.,0.));
#2867=DIRECTION('',(0.,-1.,0.));
#2868=DIRECTION('',(0.,0.,1.));
#2869=DIRECTION('',(0.,1.,0.));
#2870=DIRECTION('',(0.,0.,-1.));
#2871=DIRECTION('center_axis',(0.,0.,-1.));
#2872=DIRECTION('ref_axis',(1.,0.,0.));
#2873=DIRECTION('center_axis',(0.,0.,-1.));
#2874=DIRECTION('ref_axis',(1.,0.,0.));
#2875=DIRECTION('',(0.,0.,-1.));
#2876=DIRECTION('center_axis',(0.,0.,1.));
#2877=DIRECTION('ref_axis',(1.,0.,0.));
#2878=DIRECTION('center_axis',(0.,0.,-1.));
#2879=DIRECTION('ref_axis',(-1.,0.,0.));
#2880=DIRECTION('',(-1.,0.,0.));
#2881=DIRECTION('',(0.,1.,0.));
#2882=DIRECTION('',(1.,0.,0.));
#2883=DIRECTION('',(0.,-1.,0.));
#2884=DIRECTION('center_axis',(0.,-1.,0.));
#2885=DIRECTION('ref_axis',(-1.,0.,0.));
#2886=DIRECTION('',(0.,0.,-1.));
#2887=DIRECTION('',(1.,0.,0.));
#2888=DIRECTION('',(0.,0.,-1.));
#2889=DIRECTION('center_axis',(1.,0.,0.));
#2890=DIRECTION('ref_axis',(0.,-1.,0.));
#2891=DIRECTION('',(0.,-1.,0.));
#2892=DIRECTION('',(0.,0.,-1.));
#2893=DIRECTION('',(0.,-0.970142500145332,-0.242535625036333));
#2894=DIRECTION('',(0.,-1.,0.));
#2895=DIRECTION('',(0.,0.,1.));
#2896=DIRECTION('center_axis',(1.,0.,0.));
#2897=DIRECTION('ref_axis',(0.,-1.,0.));
#2898=DIRECTION('',(0.,0.,-1.));
#2899=DIRECTION('center_axis',(-1.,0.,0.));
#2900=DIRECTION('ref_axis',(0.,-0.00492187974764779,0.999987887476518));
#2901=DIRECTION('center_axis',(0.,1.,0.));
#2902=DIRECTION('ref_axis',(1.,0.,0.));
#2903=DIRECTION('',(0.,0.,-1.));
#2904=DIRECTION('',(-1.,0.,0.));
#2905=DIRECTION('center_axis',(-1.,0.,0.));
#2906=DIRECTION('ref_axis',(0.,1.,0.));
#2907=DIRECTION('center_axis',(1.,0.,0.));
#2908=DIRECTION('ref_axis',(0.,-0.00492187974764779,0.999987887476518));
#2909=DIRECTION('center_axis',(0.,0.,1.));
#2910=DIRECTION('ref_axis',(-1.,0.,0.));
#2911=DIRECTION('center_axis',(0.,0.,1.));
#2912=DIRECTION('ref_axis',(-0.707106781186554,-0.707106781186541,0.));
#2913=DIRECTION('',(-1.,-2.45187145305796E-17,0.));
#2914=DIRECTION('center_axis',(0.,0.,1.));
#2915=DIRECTION('ref_axis',(0.707106781186552,-0.707106781186543,0.));
#2916=DIRECTION('center_axis',(0.,0.,1.));
#2917=DIRECTION('ref_axis',(0.707106781186554,0.707106781186541,0.));
#2918=DIRECTION('',(1.,0.,0.));
#2919=DIRECTION('center_axis',(0.,0.,1.));
#2920=DIRECTION('ref_axis',(-0.707106781186554,0.707106781186541,0.));
#2921=DIRECTION('',(-1.,-5.07175357885164E-17,0.));
#2922=DIRECTION('center_axis',(0.,0.,1.));
#2923=DIRECTION('ref_axis',(0.707106781186543,0.707106781186552,0.));
#2924=DIRECTION('',(0.,1.,0.));
#2925=DIRECTION('center_axis',(0.,0.,1.));
#2926=DIRECTION('ref_axis',(0.707106781186543,-0.707106781186552,0.));
#2927=DIRECTION('',(1.,0.,0.));
#2928=DIRECTION('center_axis',(0.,0.,1.));
#2929=DIRECTION('ref_axis',(-0.707106781186543,-0.707106781186552,0.));
#2930=DIRECTION('center_axis',(0.,0.,-1.));
#2931=DIRECTION('ref_axis',(1.,0.,0.));
#2932=DIRECTION('center_axis',(0.,0.,-1.));
#2933=DIRECTION('ref_axis',(1.,0.,0.));
#2934=DIRECTION('center_axis',(0.,0.,-1.));
#2935=DIRECTION('ref_axis',(1.,0.,0.));
#2936=DIRECTION('center_axis',(0.,0.,-1.));
#2937=DIRECTION('ref_axis',(1.,0.,0.));
#2938=DIRECTION('center_axis',(0.,0.,-1.));
#2939=DIRECTION('ref_axis',(1.,0.,0.));
#2940=DIRECTION('center_axis',(0.,0.,-1.));
#2941=DIRECTION('ref_axis',(1.,0.,0.));
#2942=DIRECTION('center_axis',(0.,0.,-1.));
#2943=DIRECTION('ref_axis',(1.,0.,0.));
#2944=DIRECTION('center_axis',(0.,0.,-1.));
#2945=DIRECTION('ref_axis',(1.,0.,0.));
#2946=DIRECTION('center_axis',(0.,0.,-1.));
#2947=DIRECTION('ref_axis',(1.,0.,0.));
#2948=DIRECTION('center_axis',(0.,0.,-1.));
#2949=DIRECTION('ref_axis',(1.,0.,0.));
#2950=DIRECTION('center_axis',(-1.,0.,0.));
#2951=DIRECTION('ref_axis',(0.,-1.,0.));
#2952=DIRECTION('',(5.9459643159841E-16,-1.,0.));
#2953=DIRECTION('',(0.,0.,-1.));
#2954=DIRECTION('',(0.,0.,1.));
#2955=DIRECTION('center_axis',(0.,0.,-1.));
#2956=DIRECTION('ref_axis',(1.,0.,0.));
#2957=DIRECTION('',(0.,0.,-1.));
#2958=DIRECTION('center_axis',(0.,0.,1.));
#2959=DIRECTION('ref_axis',(1.,0.,0.));
#2960=DIRECTION('center_axis',(0.,0.,-1.));
#2961=DIRECTION('ref_axis',(-1.,0.,0.));
#2962=DIRECTION('',(1.,2.45187145305796E-17,0.));
#2963=DIRECTION('',(0.,-1.,0.));
#2964=DIRECTION('',(-1.,0.,0.));
#2965=DIRECTION('',(0.,1.,0.));
#2966=DIRECTION('center_axis',(1.,0.,0.));
#2967=DIRECTION('ref_axis',(0.,-1.,0.));
#2968=DIRECTION('',(0.,0.,-1.));
#2969=DIRECTION('',(0.,1.,0.));
#2970=DIRECTION('',(0.,0.707106781186547,-0.707106781186548));
#2971=DIRECTION('',(0.,0.,-1.));
#2972=DIRECTION('center_axis',(0.,1.,0.));
#2973=DIRECTION('ref_axis',(1.,0.,0.));
#2974=DIRECTION('',(0.,0.,-1.));
#2975=DIRECTION('',(-1.,0.,0.));
#2976=DIRECTION('center_axis',(2.45187145305796E-17,-1.,0.));
#2977=DIRECTION('ref_axis',(-1.,-2.45187145305796E-17,0.));
#2978=DIRECTION('',(0.,0.,-1.));
#2979=DIRECTION('',(-1.,-2.45187145305796E-17,3.40306010138386E-20));
#2980=DIRECTION('',(0.,0.,1.));
#2981=DIRECTION('center_axis',(-1.,0.,0.));
#2982=DIRECTION('ref_axis',(0.,1.,0.));
#2983=DIRECTION('',(0.,0.,-1.));
#2984=DIRECTION('',(0.,-0.707106781186547,0.707106781186548));
#2985=DIRECTION('',(0.,-1.,0.));
#2986=DIRECTION('center_axis',(0.,1.,0.));
#2987=DIRECTION('ref_axis',(-1.,0.,0.));
#2988=DIRECTION('',(0.,0.,1.));
#2989=DIRECTION('',(-1.,2.55778532137711E-17,0.));
#2990=DIRECTION('',(0.,0.,-1.));
#2991=DIRECTION('center_axis',(0.,0.,1.));
#2992=DIRECTION('ref_axis',(1.,0.,0.));
#2993=DIRECTION('',(1.,0.,0.));
#2994=DIRECTION('',(0.,-1.,0.));
#2995=DIRECTION('center_axis',(0.,0.,-1.));
#2996=DIRECTION('ref_axis',(-0.707106781186547,0.707106781186547,0.));
#2997=DIRECTION('',(-1.,0.,0.));
#2998=DIRECTION('center_axis',(0.,0.,-1.));
#2999=DIRECTION('ref_axis',(0.707106781186547,0.707106781186547,0.));
#3000=DIRECTION('',(0.,1.,0.));
#3001=DIRECTION('',(1.,0.,0.));
#3002=DIRECTION('center_axis',(0.,0.,-1.));
#3003=DIRECTION('ref_axis',(1.,0.,0.));
#3004=DIRECTION('',(0.,0.,-1.));
#3005=DIRECTION('center_axis',(0.,0.,1.));
#3006=DIRECTION('ref_axis',(1.,0.,0.));
#3007=DIRECTION('center_axis',(0.,0.,-1.));
#3008=DIRECTION('ref_axis',(-1.,0.,0.));
#3009=DIRECTION('',(1.,0.,0.));
#3010=DIRECTION('',(0.,-1.,0.));
#3011=DIRECTION('',(-1.,0.,0.));
#3012=DIRECTION('',(0.,1.,0.));
#3013=DIRECTION('center_axis',(0.,1.,0.));
#3014=DIRECTION('ref_axis',(1.,0.,0.));
#3015=DIRECTION('',(0.,0.,-1.));
#3016=DIRECTION('',(-1.,0.,0.));
#3017=DIRECTION('',(0.,0.,-1.));
#3018=DIRECTION('center_axis',(-1.,0.,0.));
#3019=DIRECTION('ref_axis',(0.,1.,0.));
#3020=DIRECTION('',(0.,0.,-1.));
#3021=DIRECTION('',(0.,-0.992546151641322,-0.121869343405148));
#3022=DIRECTION('center_axis',(1.,0.,0.));
#3023=DIRECTION('ref_axis',(0.,-1.,0.));
#3024=DIRECTION('',(0.,0.992546151641322,0.121869343405148));
#3025=DIRECTION('',(0.,0.,-1.));
#3026=DIRECTION('center_axis',(0.,-1.,0.));
#3027=DIRECTION('ref_axis',(-1.,0.,0.));
#3028=DIRECTION('',(1.,0.,0.));
#3029=DIRECTION('center_axis',(5.07175357885164E-17,-1.,0.));
#3030=DIRECTION('ref_axis',(1.,5.07175357885164E-17,0.));
#3031=DIRECTION('',(1.,5.11557064275421E-17,0.));
#3032=DIRECTION('',(0.,0.,-1.));
#3033=DIRECTION('',(1.,0.,0.));
#3034=DIRECTION('',(0.,0.,1.));
#3035=DIRECTION('',(1.,5.07175357885164E-17,0.));
#3036=DIRECTION('',(0.,0.,-1.));
#3037=DIRECTION('',(1.,0.,0.));
#3038=DIRECTION('',(0.,0.,-1.));
#3039=DIRECTION('',(1.,5.11557064275421E-17,0.));
#3040=DIRECTION('',(0.,0.,-1.));
#3041=DIRECTION('center_axis',(0.,0.,-1.));
#3042=DIRECTION('ref_axis',(1.,0.,0.));
#3043=DIRECTION('',(0.,0.,-1.));
#3044=DIRECTION('center_axis',(0.,0.,1.));
#3045=DIRECTION('ref_axis',(1.,0.,0.));
#3046=DIRECTION('center_axis',(0.,0.,-1.));
#3047=DIRECTION('ref_axis',(-1.,0.,0.));
#3048=DIRECTION('',(1.,0.,0.));
#3049=DIRECTION('',(0.,-1.,0.));
#3050=DIRECTION('',(-1.,0.,0.));
#3051=DIRECTION('',(0.,1.,0.));
#3052=DIRECTION('center_axis',(0.,1.,0.));
#3053=DIRECTION('ref_axis',(1.,0.,0.));
#3054=DIRECTION('',(0.,0.,-1.));
#3055=DIRECTION('',(-1.,0.,0.));
#3056=DIRECTION('',(0.,0.,-1.));
#3057=DIRECTION('center_axis',(-1.,0.,0.));
#3058=DIRECTION('ref_axis',(0.,1.,0.));
#3059=DIRECTION('',(0.,0.,-1.));
#3060=DIRECTION('',(0.,-0.992546151641322,-0.121869343405148));
#3061=DIRECTION('center_axis',(0.,-1.,0.));
#3062=DIRECTION('ref_axis',(-1.,0.,0.));
#3063=DIRECTION('',(0.,0.,-1.));
#3064=DIRECTION('',(1.,0.,0.));
#3065=DIRECTION('center_axis',(1.,0.,0.));
#3066=DIRECTION('ref_axis',(0.,-1.,0.));
#3067=DIRECTION('',(0.,0.992546151641322,0.121869343405148));
#3068=DIRECTION('center_axis',(0.,0.,-1.));
#3069=DIRECTION('ref_axis',(1.,0.,0.));
#3070=DIRECTION('',(0.,0.,-1.));
#3071=DIRECTION('center_axis',(0.,0.,1.));
#3072=DIRECTION('ref_axis',(1.,0.,0.));
#3073=DIRECTION('center_axis',(0.,0.,-1.));
#3074=DIRECTION('ref_axis',(-1.,0.,0.));
#3075=DIRECTION('',(-1.,0.,0.));
#3076=DIRECTION('',(0.,1.,0.));
#3077=DIRECTION('',(1.,0.,0.));
#3078=DIRECTION('',(0.,-1.,0.));
#3079=DIRECTION('center_axis',(-1.,0.,0.));
#3080=DIRECTION('ref_axis',(0.,1.,0.));
#3081=DIRECTION('',(0.,0.,-1.));
#3082=DIRECTION('',(0.,-0.992546151641322,-0.121869343405148));
#3083=DIRECTION('',(0.,0.,-1.));
#3084=DIRECTION('center_axis',(0.,-1.,0.));
#3085=DIRECTION('ref_axis',(-1.,0.,0.));
#3086=DIRECTION('',(0.,0.,-1.));
#3087=DIRECTION('',(1.,0.,0.));
#3088=DIRECTION('center_axis',(0.,1.,0.));
#3089=DIRECTION('ref_axis',(1.,0.,0.));
#3090=DIRECTION('',(0.,0.,-1.));
#3091=DIRECTION('',(1.,0.,0.));
#3092=DIRECTION('',(0.,0.,1.));
#3093=DIRECTION('center_axis',(1.,0.,0.));
#3094=DIRECTION('ref_axis',(0.,-1.,0.));
#3095=DIRECTION('',(0.,0.,-1.));
#3096=DIRECTION('',(0.,0.992546151641322,0.121869343405148));
#3097=DIRECTION('center_axis',(0.,0.,-1.));
#3098=DIRECTION('ref_axis',(1.,0.,0.));
#3099=DIRECTION('',(0.,0.,-1.));
#3100=DIRECTION('center_axis',(0.,0.,1.));
#3101=DIRECTION('ref_axis',(1.,0.,0.));
#3102=DIRECTION('center_axis',(0.,0.,-1.));
#3103=DIRECTION('ref_axis',(-1.,0.,0.));
#3104=DIRECTION('',(-1.,0.,0.));
#3105=DIRECTION('',(0.,1.,0.));
#3106=DIRECTION('',(1.,0.,0.));
#3107=DIRECTION('',(0.,-1.,0.));
#3108=DIRECTION('center_axis',(0.,-1.,0.));
#3109=DIRECTION('ref_axis',(-1.,0.,0.));
#3110=DIRECTION('',(0.,0.,-1.));
#3111=DIRECTION('',(1.,0.,0.));
#3112=DIRECTION('',(0.,0.,-1.));
#3113=DIRECTION('center_axis',(1.,0.,0.));
#3114=DIRECTION('ref_axis',(0.,-1.,0.));
#3115=DIRECTION('',(0.,0.,-1.));
#3116=DIRECTION('',(0.,0.992546151641322,0.121869343405148));
#3117=DIRECTION('center_axis',(-1.,0.,0.));
#3118=DIRECTION('ref_axis',(0.,1.,0.));
#3119=DIRECTION('center_axis',(1.,0.,0.));
#3120=DIRECTION('ref_axis',(0.,-0.00492187974764779,0.999987887476518));
#3121=DIRECTION('center_axis',(0.,1.,0.));
#3122=DIRECTION('ref_axis',(1.,0.,0.));
#3123=DIRECTION('',(0.,0.,-1.));
#3124=DIRECTION('',(-1.,0.,0.));
#3125=DIRECTION('center_axis',(0.,0.,-1.));
#3126=DIRECTION('ref_axis',(1.,0.,0.));
#3127=DIRECTION('',(0.,0.,-1.));
#3128=DIRECTION('center_axis',(0.,0.,1.));
#3129=DIRECTION('ref_axis',(1.,0.,0.));
#3130=DIRECTION('center_axis',(0.,0.,-1.));
#3131=DIRECTION('ref_axis',(-1.,0.,0.));
#3132=DIRECTION('',(-1.,0.,0.));
#3133=DIRECTION('',(0.,1.,0.));
#3134=DIRECTION('',(1.,0.,0.));
#3135=DIRECTION('',(0.,-1.,0.));
#3136=DIRECTION('center_axis',(0.,-1.,0.));
#3137=DIRECTION('ref_axis',(-1.,0.,0.));
#3138=DIRECTION('',(0.,0.,-1.));
#3139=DIRECTION('',(1.,0.,0.));
#3140=DIRECTION('',(0.,0.,-1.));
#3141=DIRECTION('center_axis',(1.,0.,0.));
#3142=DIRECTION('ref_axis',(0.,-1.,0.));
#3143=DIRECTION('',(0.,0.,-1.));
#3144=DIRECTION('',(0.,1.,0.));
#3145=DIRECTION('center_axis',(-1.,0.,0.));
#3146=DIRECTION('ref_axis',(0.,1.,0.));
#3147=DIRECTION('',(0.,-0.992546151641322,-0.121869343405148));
#3148=DIRECTION('center_axis',(0.,1.,0.));
#3149=DIRECTION('ref_axis',(1.,0.,0.));
#3150=DIRECTION('',(0.,0.,-1.));
#3151=DIRECTION('',(-1.,0.,0.));
#3152=DIRECTION('center_axis',(0.,0.,-1.));
#3153=DIRECTION('ref_axis',(1.,0.,0.));
#3154=DIRECTION('',(0.,0.,-1.));
#3155=DIRECTION('center_axis',(0.,0.,1.));
#3156=DIRECTION('ref_axis',(1.,0.,0.));
#3157=DIRECTION('center_axis',(0.,0.,-1.));
#3158=DIRECTION('ref_axis',(-1.,0.,0.));
#3159=DIRECTION('',(-1.,0.,0.));
#3160=DIRECTION('',(0.,1.,0.));
#3161=DIRECTION('',(1.,2.45187145305796E-17,0.));
#3162=DIRECTION('',(0.,-1.,0.));
#3163=DIRECTION('center_axis',(2.45187145305796E-17,-1.,0.));
#3164=DIRECTION('ref_axis',(-1.,-2.45187145305796E-17,0.));
#3165=DIRECTION('',(0.,0.,-1.));
#3166=DIRECTION('',(1.,0.,0.));
#3167=DIRECTION('center_axis',(0.,-1.,0.));
#3168=DIRECTION('ref_axis',(7.85046229341887E-17,0.,-1.));
#3169=DIRECTION('',(0.,0.,-1.));
#3170=DIRECTION('center_axis',(1.,0.,0.));
#3171=DIRECTION('ref_axis',(0.,-1.,0.));
#3172=DIRECTION('',(0.,0.,-1.));
#3173=DIRECTION('',(0.,0.707106781186547,-0.707106781186548));
#3174=DIRECTION('center_axis',(-1.,0.,0.));
#3175=DIRECTION('ref_axis',(0.,1.,0.));
#3176=DIRECTION('',(0.,-0.707106781186547,0.707106781186548));
#3177=DIRECTION('',(0.,0.,-1.));
#3178=DIRECTION('center_axis',(0.,1.,0.));
#3179=DIRECTION('ref_axis',(1.,0.,0.));
#3180=DIRECTION('center_axis',(0.,1.,0.));
#3181=DIRECTION('ref_axis',(7.85046229341887E-17,0.,-1.));
#3182=DIRECTION('',(-1.,0.,0.));
#3183=DIRECTION('center_axis',(0.,-0.707106781186547,0.707106781186548));
#3184=DIRECTION('ref_axis',(-0.707106781186548,-0.499999999999999,-0.5));
#3185=DIRECTION('',(0.,-0.707106781186547,0.707106781186548));
#3186=DIRECTION('center_axis',(0.,0.,-1.));
#3187=DIRECTION('ref_axis',(1.57009245868378E-16,-1.,0.));
#3188=DIRECTION('',(0.,0.707106781186547,-0.707106781186548));
#3189=DIRECTION('center_axis',(0.,-0.121869343405148,0.992546151641322));
#3190=DIRECTION('ref_axis',(8.74867682306404E-17,-0.992546151641322,-0.121869343405147));
#3191=DIRECTION('',(0.,-0.707106781186547,0.707106781186548));
#3192=DIRECTION('center_axis',(0.,0.,-1.));
#3193=DIRECTION('ref_axis',(1.,0.,0.));
#3194=DIRECTION('',(0.,0.,-1.));
#3195=DIRECTION('center_axis',(0.,0.,1.));
#3196=DIRECTION('ref_axis',(1.,0.,0.));
#3197=DIRECTION('center_axis',(0.,0.,-1.));
#3198=DIRECTION('ref_axis',(-1.,0.,0.));
#3199=DIRECTION('',(-1.,0.,0.));
#3200=DIRECTION('',(0.,1.,0.));
#3201=DIRECTION('',(1.,2.45187145305796E-17,0.));
#3202=DIRECTION('',(0.,-1.,0.));
#3203=DIRECTION('center_axis',(2.45187145305796E-17,-1.,0.));
#3204=DIRECTION('ref_axis',(-1.,-2.45187145305796E-17,0.));
#3205=DIRECTION('',(0.,0.,-1.));
#3206=DIRECTION('center_axis',(0.,-1.,0.));
#3207=DIRECTION('ref_axis',(-7.85046229341887E-17,0.,-1.));
#3208=DIRECTION('',(1.,0.,0.));
#3209=DIRECTION('',(0.,0.,-1.));
#3210=DIRECTION('center_axis',(1.,0.,0.));
#3211=DIRECTION('ref_axis',(0.,-1.,0.));
#3212=DIRECTION('',(0.,0.,-1.));
#3213=DIRECTION('',(0.,0.707106781186547,-0.707106781186548));
#3214=DIRECTION('center_axis',(-1.,0.,0.));
#3215=DIRECTION('ref_axis',(0.,1.,0.));
#3216=DIRECTION('',(0.,-0.707106781186547,0.707106781186548));
#3217=DIRECTION('',(0.,0.,-1.));
#3218=DIRECTION('center_axis',(0.,1.,0.));
#3219=DIRECTION('ref_axis',(1.,0.,0.));
#3220=DIRECTION('',(-1.,0.,0.));
#3221=DIRECTION('center_axis',(0.,1.,0.));
#3222=DIRECTION('ref_axis',(-7.85046229341887E-17,0.,-1.));
#3223=DIRECTION('center_axis',(0.,0.707106781186548,0.707106781186547));
#3224=DIRECTION('ref_axis',(0.,-0.707106781186547,0.707106781186548));
#3225=DIRECTION('',(0.,0.707106781186547,-0.707106781186548));
#3226=DIRECTION('',(-1.,0.,0.));
#3227=DIRECTION('',(0.,0.707106781186547,-0.707106781186548));
#3228=DIRECTION('',(0.,0.707106781186547,-0.707106781186548));
#3229=DIRECTION('',(-1.,0.,0.));
#3230=DIRECTION('',(-1.,0.,0.));
#3231=DIRECTION('',(0.,-0.707106781186547,0.707106781186548));
#3232=DIRECTION('',(1.,0.,0.));
#3233=DIRECTION('center_axis',(0.,0.,-1.));
#3234=DIRECTION('ref_axis',(1.,0.,0.));
#3235=DIRECTION('',(0.,0.,-1.));
#3236=DIRECTION('center_axis',(0.,0.,1.));
#3237=DIRECTION('ref_axis',(1.,0.,0.));
#3238=DIRECTION('center_axis',(0.,0.,-1.));
#3239=DIRECTION('ref_axis',(-1.,0.,0.));
#3240=DIRECTION('',(-1.,0.,0.));
#3241=DIRECTION('',(0.,1.,0.));
#3242=DIRECTION('',(1.,0.,0.));
#3243=DIRECTION('',(0.,-1.,0.));
#3244=DIRECTION('center_axis',(0.,-1.,0.));
#3245=DIRECTION('ref_axis',(-1.,0.,0.));
#3246=DIRECTION('',(0.,0.,-1.));
#3247=DIRECTION('',(1.,0.,0.));
#3248=DIRECTION('',(0.,0.,-1.));
#3249=DIRECTION('center_axis',(1.,0.,0.));
#3250=DIRECTION('ref_axis',(0.,-1.,0.));
#3251=DIRECTION('',(0.,0.,-1.));
#3252=DIRECTION('',(0.,1.,0.));
#3253=DIRECTION('center_axis',(0.,1.,0.));
#3254=DIRECTION('ref_axis',(1.,0.,0.));
#3255=DIRECTION('',(0.,0.,-1.));
#3256=DIRECTION('',(-1.,0.,0.));
#3257=DIRECTION('center_axis',(-1.,0.,0.));
#3258=DIRECTION('ref_axis',(0.,1.,0.));
#3259=DIRECTION('',(0.,-1.,0.));
#3260=DIRECTION('center_axis',(0.,0.,-1.));
#3261=DIRECTION('ref_axis',(-1.,0.,0.));
#3262=DIRECTION('',(0.,-1.,0.));
#3263=DIRECTION('',(-1.,0.,0.));
#3264=DIRECTION('',(0.,1.,0.));
#3265=DIRECTION('',(1.,0.,0.));
#3266=DIRECTION('center_axis',(0.,0.,1.));
#3267=DIRECTION('ref_axis',(1.,0.,0.));
#3268=DIRECTION('center_axis',(0.,1.,0.));
#3269=DIRECTION('ref_axis',(1.,0.,0.));
#3270=DIRECTION('',(0.,0.,-1.));
#3271=DIRECTION('',(-1.,0.,0.));
#3272=DIRECTION('',(0.,0.,-1.));
#3273=DIRECTION('center_axis',(-1.,0.,0.));
#3274=DIRECTION('ref_axis',(0.,1.,0.));
#3275=DIRECTION('',(0.,0.,-1.));
#3276=DIRECTION('',(0.,-0.992546151641322,-0.121869343405148));
#3277=DIRECTION('center_axis',(0.,0.,-1.));
#3278=DIRECTION('ref_axis',(1.,0.,0.));
#3279=DIRECTION('',(0.,0.,-1.));
#3280=DIRECTION('center_axis',(1.,0.,0.));
#3281=DIRECTION('ref_axis',(0.,-1.,0.));
#3282=DIRECTION('',(0.,0.992546151641322,0.121869343405148));
#3283=DIRECTION('',(0.,0.,-1.));
#3284=DIRECTION('center_axis',(0.,-1.,0.));
#3285=DIRECTION('ref_axis',(-1.,0.,0.));
#3286=DIRECTION('',(1.,0.,0.));
#3287=DIRECTION('center_axis',(0.,0.,-1.));
#3288=DIRECTION('ref_axis',(-0.707106781186554,-0.707106781186541,0.));
#3289=DIRECTION('center_axis',(5.97967628611055E-18,-0.242535625036333,
0.970142500145332));
#3290=DIRECTION('ref_axis',(-2.6926863520719E-16,-0.970142500145332,-0.242535625036333));
#3291=DIRECTION('center_axis',(-1.,0.,0.));
#3292=DIRECTION('ref_axis',(0.,1.,0.));
#3293=DIRECTION('',(0.,-1.,0.));
#3294=DIRECTION('center_axis',(0.,0.,-1.));
#3295=DIRECTION('ref_axis',(0.707106781186552,-0.707106781186543,0.));
#3296=DIRECTION('center_axis',(5.97967628611055E-18,-0.242535625036333,
0.970142500145332));
#3297=DIRECTION('ref_axis',(-2.6926863520719E-16,-0.970142500145332,-0.242535625036333));
#3298=DIRECTION('center_axis',(0.,0.,-1.));
#3299=DIRECTION('ref_axis',(0.707106781186554,0.707106781186541,0.));
#3300=DIRECTION('center_axis',(0.,0.,1.));
#3301=DIRECTION('ref_axis',(0.707106781186554,0.707106781186541,0.));
#3302=DIRECTION('center_axis',(0.,1.,0.));
#3303=DIRECTION('ref_axis',(1.,0.,0.));
#3304=DIRECTION('',(-1.,0.,0.));
#3305=DIRECTION('center_axis',(0.,0.,-1.));
#3306=DIRECTION('ref_axis',(-0.707106781186554,0.707106781186541,0.));
#3307=DIRECTION('center_axis',(0.,0.,1.));
#3308=DIRECTION('ref_axis',(-0.707106781186554,0.707106781186541,0.));
#3309=DIRECTION('center_axis',(0.,0.,1.));
#3310=DIRECTION('ref_axis',(-1.,0.,0.));
#3311=DIRECTION('center_axis',(0.,0.,-1.));
#3312=DIRECTION('ref_axis',(-1.,1.77635683940027E-14,0.));
#3313=DIRECTION('center_axis',(0.,0.,-1.));
#3314=DIRECTION('ref_axis',(0.,-1.,0.));
#3315=DIRECTION('center_axis',(0.,0.,-1.));
#3316=DIRECTION('ref_axis',(1.,-1.77635683940027E-14,0.));
#3317=DIRECTION('',(0.,1.,0.));
#3318=DIRECTION('',(1.,0.,0.));
#3319=DIRECTION('',(0.,-1.,0.));
#3320=DIRECTION('center_axis',(2.45187145305796E-17,-1.,0.));
#3321=DIRECTION('ref_axis',(-1.,-2.45187145305796E-17,0.));
#3322=DIRECTION('center_axis',(0.,0.,1.));
#3323=DIRECTION('ref_axis',(0.707106781186543,-0.707106781186552,0.));
#3324=DIRECTION('center_axis',(0.,0.,1.));
#3325=DIRECTION('ref_axis',(0.707106781186543,0.707106781186552,0.));
#3326=DIRECTION('center_axis',(0.,0.,1.));
#3327=DIRECTION('ref_axis',(1.,0.,0.));
#3328=DIRECTION('',(1.,0.,0.));
#3329=DIRECTION('',(0.,1.,0.));
#3330=DIRECTION('center_axis',(0.,0.,-1.));
#3331=DIRECTION('ref_axis',(0.707106781186547,0.707106781186547,0.));
#3332=DIRECTION('',(1.,0.,0.));
#3333=DIRECTION('center_axis',(0.,0.,-1.));
#3334=DIRECTION('ref_axis',(-0.707106781186547,0.707106781186547,0.));
#3335=DIRECTION('',(0.,1.,0.));
#3336=DIRECTION('',(1.,0.,0.));
#3337=DIRECTION('center_axis',(-1.,0.,0.));
#3338=DIRECTION('ref_axis',(0.,1.,0.));
#3339=DIRECTION('',(0.,0.,-1.));
#3340=DIRECTION('',(0.,1.,0.));
#3341=DIRECTION('center_axis',(0.,-1.,0.));
#3342=DIRECTION('ref_axis',(-1.,0.,0.));
#3343=DIRECTION('',(0.,0.,-1.));
#3344=DIRECTION('',(-1.,0.,0.));
#3345=DIRECTION('center_axis',(1.,0.,0.));
#3346=DIRECTION('ref_axis',(0.,-1.,0.));
#3347=DIRECTION('',(0.,-1.,0.));
#3348=DIRECTION('center_axis',(0.,0.,-1.));
#3349=DIRECTION('ref_axis',(-0.707106781186547,-0.707106781186547,0.));
#3350=DIRECTION('center_axis',(0.,0.,1.));
#3351=DIRECTION('ref_axis',(-0.707106781186547,-0.707106781186547,0.));
#3352=DIRECTION('',(0.,0.,1.));
#3353=DIRECTION('center_axis',(-5.97967628611055E-18,0.242535625036333,
-0.970142500145332));
#3354=DIRECTION('ref_axis',(0.,-0.970142500145332,-0.242535625036333));
#3355=DIRECTION('',(0.,0.,-1.));
#3356=DIRECTION('center_axis',(0.,0.,-1.));
#3357=DIRECTION('ref_axis',(1.,0.,0.));
#3358=DIRECTION('',(0.,-1.,0.));
#3359=DIRECTION('',(1.,0.,0.));
#3360=DIRECTION('',(0.,1.,0.));
#3361=DIRECTION('center_axis',(0.,0.,-1.));
#3362=DIRECTION('ref_axis',(-1.57009245868378E-16,-1.,0.));
#3363=DIRECTION('',(0.,-1.,0.));
#3364=DIRECTION('',(-1.,0.,0.));
#3365=DIRECTION('',(0.,-1.,0.));
#3366=DIRECTION('center_axis',(0.,0.,1.));
#3367=DIRECTION('ref_axis',(0.707106781186547,-0.707106781186547,0.));
#3368=DIRECTION('',(1.,0.,0.));
#3369=DIRECTION('center_axis',(-1.,0.,0.));
#3370=DIRECTION('ref_axis',(0.,-1.,0.));
#3371=DIRECTION('',(0.,0.970142500145332,0.242535625036333));
#3372=DIRECTION('',(0.,0.,1.));
#3373=DIRECTION('',(0.,-0.992546151641322,-0.121869343405148));
#3374=DIRECTION('center_axis',(-1.,0.,0.));
#3375=DIRECTION('ref_axis',(0.,-0.0997107045007352,-0.995016469917944));
#3376=DIRECTION('center_axis',(1.,0.,0.));
#3377=DIRECTION('ref_axis',(0.,-0.00492187974764779,0.999987887476518));
#3378=DIRECTION('center_axis',(0.,-1.,0.));
#3379=DIRECTION('ref_axis',(0.,0.,-1.));
#3380=DIRECTION('',(0.,0.,-1.));
#3381=DIRECTION('',(1.,2.46548369346349E-17,0.));
#3382=DIRECTION('center_axis',(5.97967628611055E-18,-0.242535625036333,
0.970142500145332));
#3383=DIRECTION('ref_axis',(1.,0.,-6.16370923365873E-18));
#3384=DIRECTION('center_axis',(-5.97967628611055E-18,0.242535625036333,
-0.970142500145332));
#3385=DIRECTION('ref_axis',(0.,-0.970142500145332,-0.242535625036333));
#3386=DIRECTION('',(0.,-0.970142500145332,-0.242535625036333));
#3387=DIRECTION('center_axis',(0.,0.,1.));
#3388=DIRECTION('ref_axis',(0.707106781186547,-0.707106781186547,0.));
#3389=DIRECTION('',(0.,0.,1.));
#3390=DIRECTION('center_axis',(1.,0.,0.));
#3391=DIRECTION('ref_axis',(0.,1.,0.));
#3392=DIRECTION('center_axis',(-1.,0.,0.));
#3393=DIRECTION('ref_axis',(0.,-0.00492187974764779,0.999987887476518));
#3394=DIRECTION('center_axis',(1.,0.,0.));
#3395=DIRECTION('ref_axis',(0.,-0.0997107045007352,-0.995016469917944));
#3396=DIRECTION('',(0.,0.992546151641322,0.121869343405148));
#3397=DIRECTION('',(0.,0.,-1.));
#3398=DIRECTION('center_axis',(0.,0.,-1.));
#3399=DIRECTION('ref_axis',(0.707106781186547,0.707106781186547,0.));
#3400=DIRECTION('center_axis',(0.,-0.121869343405148,0.992546151641322));
#3401=DIRECTION('ref_axis',(0.,0.992546151641322,0.121869343405148));
#3402=DIRECTION('',(0.,0.,1.));
#3403=DIRECTION('center_axis',(0.,1.,0.));
#3404=DIRECTION('ref_axis',(0.,0.,1.));
#3405=DIRECTION('',(-1.,0.,0.));
#3406=DIRECTION('',(0.,0.,-1.));
#3407=DIRECTION('',(0.,0.,-1.));
#3408=DIRECTION('',(1.,0.,0.));
#3409=DIRECTION('',(0.,0.,1.));
#3410=DIRECTION('',(-1.,0.,0.));
#3411=DIRECTION('center_axis',(0.,0.,1.));
#3412=DIRECTION('ref_axis',(-0.707106781186547,0.707106781186547,0.));
#3413=DIRECTION('center_axis',(0.,-0.121869343405148,0.992546151641322));
#3414=DIRECTION('ref_axis',(0.,0.992546151641322,0.121869343405148));
#3415=DIRECTION('center_axis',(0.,0.121869343405148,-0.992546151641322));
#3416=DIRECTION('ref_axis',(0.,0.992546151641322,0.121869343405148));
#3417=DIRECTION('',(1.,0.,0.));
#3418=DIRECTION('',(0.,0.992546151641322,0.121869343405148));
#3419=DIRECTION('center_axis',(0.,-0.121869343405148,0.992546151641322));
#3420=DIRECTION('ref_axis',(-8.74867682306404E-17,-0.992546151641322,-0.121869343405147));
#3421=DIRECTION('',(0.,0.992546151641322,0.121869343405148));
#3422=DIRECTION('center_axis',(0.,0.121869343405148,-0.992546151641322));
#3423=DIRECTION('ref_axis',(0.,0.992546151641322,0.121869343405148));
#3424=DIRECTION('',(-1.,0.,0.));
#3425=DIRECTION('center_axis',(0.,0.121869343405148,-0.992546151641322));
#3426=DIRECTION('ref_axis',(0.,0.992546151641322,0.121869343405148));
#3427=DIRECTION('',(0.,-0.992546151641322,-0.121869343405148));
#3428=DIRECTION('',(0.,0.992546151641322,0.121869343405148));
#3429=DIRECTION('',(1.,0.,0.));
#3430=DIRECTION('center_axis',(0.,0.,-1.));
#3431=DIRECTION('ref_axis',(-1.,0.,0.));
#3432=DIRECTION('',(0.,-1.,0.));
#3433=DIRECTION('',(0.,1.,0.));
#3434=DIRECTION('center_axis',(0.,0.,1.));
#3435=DIRECTION('ref_axis',(-1.,0.,0.));
#3436=DIRECTION('',(0.,-1.,0.));
#3437=DIRECTION('',(0.,-1.,0.));
#3438=DIRECTION('center_axis',(1.,0.,0.));
#3439=DIRECTION('ref_axis',(0.,0.,1.));
#3440=DIRECTION('center_axis',(-1.,0.,0.));
#3441=DIRECTION('ref_axis',(0.,0.,-1.));
#3442=DIRECTION('center_axis',(1.,0.,0.));
#3443=DIRECTION('ref_axis',(0.,-0.00492187974764779,0.999987887476518));
#3444=DIRECTION('center_axis',(1.,0.,0.));
#3445=DIRECTION('ref_axis',(0.,-0.00492187974764779,0.999987887476518));
#3446=DIRECTION('',(1.,0.,0.));
#3447=DIRECTION('center_axis',(-1.,0.,0.));
#3448=DIRECTION('ref_axis',(0.,-1.,0.));
#3449=DIRECTION('',(0.,-0.707106781186547,0.707106781186548));
#3450=DIRECTION('center_axis',(-1.,0.,0.));
#3451=DIRECTION('ref_axis',(0.,-0.0997107045007352,-0.995016469917944));
#3452=DIRECTION('center_axis',(0.,0.707106781186547,-0.707106781186548));
#3453=DIRECTION('ref_axis',(0.707106781186548,-0.499999999999999,-0.5));
#3454=DIRECTION('center_axis',(0.,0.,1.));
#3455=DIRECTION('ref_axis',(-0.707106781186543,-0.707106781186552,0.));
#3456=DIRECTION('center_axis',(0.,0.,-1.));
#3457=DIRECTION('ref_axis',(0.707106781186547,0.707106781186547,0.));
#3458=DIRECTION('',(0.,0.,-1.));
#3459=DIRECTION('',(0.,0.,1.));
#3460=DIRECTION('center_axis',(0.,1.,0.));
#3461=DIRECTION('ref_axis',(1.,0.,0.));
#3462=DIRECTION('',(0.,0.,1.));
#3463=DIRECTION('center_axis',(0.,0.,-1.));
#3464=DIRECTION('ref_axis',(-0.707106781186547,0.707106781186547,0.));
#3465=DIRECTION('',(0.,0.,-1.));
#3466=DIRECTION('center_axis',(-1.,0.,0.));
#3467=DIRECTION('ref_axis',(0.,1.,0.));
#3468=DIRECTION('center_axis',(1.,0.,0.));
#3469=DIRECTION('ref_axis',(0.,-1.,0.));
#3470=DIRECTION('center_axis',(1.,0.,0.));
#3471=DIRECTION('ref_axis',(0.,-0.0997107045007352,-0.995016469917944));
#3472=DIRECTION('center_axis',(-1.,0.,0.));
#3473=DIRECTION('ref_axis',(0.,-0.0997107045007352,-0.995016469917944));
#3474=DIRECTION('center_axis',(1.,0.,0.));
#3475=DIRECTION('ref_axis',(0.,-0.0997107045007352,-0.995016469917944));
#3476=DIRECTION('',(-1.,0.,0.));
#3477=DIRECTION('center_axis',(-1.,0.,0.));
#3478=DIRECTION('ref_axis',(0.,-1.,0.));
#3479=DIRECTION('center_axis',(1.,0.,0.));
#3480=DIRECTION('ref_axis',(0.,-0.00492187974764779,0.999987887476518));
#3481=DIRECTION('center_axis',(1.,0.,0.));
#3482=DIRECTION('ref_axis',(0.,-0.00492187974764779,0.999987887476518));
#3483=DIRECTION('center_axis',(0.,1.,0.));
#3484=DIRECTION('ref_axis',(1.,0.,0.));
#3485=DIRECTION('',(1.,0.,0.));
#3486=DIRECTION('',(0.,0.,-1.));
#3487=DIRECTION('',(-1.,0.,0.));
#3488=DIRECTION('',(0.,0.,-1.));
#3489=DIRECTION('center_axis',(1.,0.,0.));
#3490=DIRECTION('ref_axis',(0.,-1.,0.));
#3491=DIRECTION('',(0.,-1.,0.));
#3492=DIRECTION('',(0.,0.707106781186547,-0.707106781186548));
#3493=DIRECTION('center_axis',(-1.,0.,0.));
#3494=DIRECTION('ref_axis',(0.,1.,0.));
#3495=DIRECTION('',(0.,1.,0.));
#3496=DIRECTION('',(0.,-0.707106781186547,0.707106781186548));
#3497=DIRECTION('center_axis',(0.,0.,1.));
#3498=DIRECTION('ref_axis',(0.,-1.,0.));
#3499=DIRECTION('',(1.,0.,0.));
#3500=DIRECTION('',(0.,-1.,0.));
#3501=DIRECTION('center_axis',(0.,0.,1.));
#3502=DIRECTION('ref_axis',(0.707106781186547,0.707106781186547,0.));
#3503=DIRECTION('',(1.,0.,0.));
#3504=DIRECTION('center_axis',(0.,0.,1.));
#3505=DIRECTION('ref_axis',(-0.707106781186547,0.707106781186547,0.));
#3506=DIRECTION('',(0.,-1.,0.));
#3507=DIRECTION('',(1.,0.,0.));
#3508=DIRECTION('center_axis',(0.,0.,-1.));
#3509=DIRECTION('ref_axis',(0.707106781186547,0.707106781186547,0.));
#3510=DIRECTION('',(0.,0.,1.));
#3511=DIRECTION('center_axis',(0.,0.121869343405148,-0.992546151641322));
#3512=DIRECTION('ref_axis',(0.,0.992546151641322,0.121869343405148));
#3513=DIRECTION('',(0.,0.,1.));
#3514=DIRECTION('center_axis',(0.,0.,-1.));
#3515=DIRECTION('ref_axis',(-0.707106781186547,0.707106781186547,0.));
#3516=DIRECTION('',(0.,0.,1.));
#3517=DIRECTION('center_axis',(0.,0.121869343405148,-0.992546151641322));
#3518=DIRECTION('ref_axis',(0.,0.992546151641322,0.121869343405148));
#3519=DIRECTION('',(0.,0.,1.));
#3520=DIRECTION('center_axis',(-1.,0.,0.));
#3521=DIRECTION('ref_axis',(0.,0.,1.));
#3522=DIRECTION('',(0.,0.707106781186547,-0.707106781186548));
#3523=DIRECTION('',(0.,0.992546151641322,0.121869343405148));
#3524=DIRECTION('center_axis',(0.,0.121869343405148,-0.992546151641322));
#3525=DIRECTION('ref_axis',(0.,0.992546151641322,0.121869343405148));
#3526=DIRECTION('',(1.,0.,0.));
#3527=DIRECTION('',(0.,-0.992546151641322,-0.121869343405148));
#3528=DIRECTION('',(1.,0.,0.));
#3529=DIRECTION('center_axis',(0.,-0.707106781186548,-0.707106781186547));
#3530=DIRECTION('ref_axis',(0.,0.707106781186547,-0.707106781186548));
#3531=DIRECTION('',(0.,-0.707106781186547,0.707106781186548));
#3532=DIRECTION('center_axis',(0.,1.,0.));
#3533=DIRECTION('ref_axis',(0.,0.,1.));
#3534=DIRECTION('center_axis',(-1.,0.,0.));
#3535=DIRECTION('ref_axis',(0.,1.,0.));
#3536=CARTESIAN_POINT('',(0.,0.,0.));
#3537=CARTESIAN_POINT('Origin',(-178.12255,-8.88178419700125E-15,-5.));
#3538=CARTESIAN_POINT('',(-178.93405,-8.78240410925045E-15,16.));
#3539=CARTESIAN_POINT('Origin',(-178.12255,-8.88178419700125E-15,16.));
#3540=CARTESIAN_POINT('',(-178.93405,-8.98116428475206E-15,4.5));
#3541=CARTESIAN_POINT('',(-178.93405,-8.78240410925045E-15,-5.));
#3542=CARTESIAN_POINT('Origin',(-178.12255,-8.88178419700125E-15,4.5));
#3543=CARTESIAN_POINT('Origin',(-178.12255,-8.88178419700125E-15,4.5));
#3544=CARTESIAN_POINT('',(-175.12255,2.99999999999999,4.5));
#3545=CARTESIAN_POINT('',(-181.12255,2.99999999999999,4.5));
#3546=CARTESIAN_POINT('',(-179.62255,2.99999999999999,4.5));
#3547=CARTESIAN_POINT('',(-175.12255,-3.00000000000001,4.5));
#3548=CARTESIAN_POINT('',(-175.12255,1.49999999999999,4.5));
#3549=CARTESIAN_POINT('',(-181.12255,-3.00000000000001,4.5));
#3550=CARTESIAN_POINT('',(-176.62255,-3.00000000000001,4.5));
#3551=CARTESIAN_POINT('',(-181.12255,-33.625,4.5));
#3552=CARTESIAN_POINT('Origin',(-175.12255,-3.00000000000001,16.));
#3553=CARTESIAN_POINT('',(-175.12255,-3.00000000000001,-2.45673229767815));
#3554=CARTESIAN_POINT('',(-175.12255,-3.00000000000001,16.));
#3555=CARTESIAN_POINT('',(-181.12255,-3.00000000000001,-2.45673229767815));
#3556=CARTESIAN_POINT('',(-180.12255,-3.00000000000001,-2.45673229767815));
#3557=CARTESIAN_POINT('',(-181.12255,-3.00000000000001,16.));
#3558=CARTESIAN_POINT('Origin',(-175.12255,2.99999999999999,16.));
#3559=CARTESIAN_POINT('',(-175.12255,2.99999999999999,-3.9123181398814));
#3560=CARTESIAN_POINT('',(-175.12255,2.99999999999999,16.));
#3561=CARTESIAN_POINT('Origin',(-175.12255,-28.1653440080442,-119.283527523221));
#3562=CARTESIAN_POINT('Origin',(-181.12255,-67.25,17.5));
#3563=CARTESIAN_POINT('',(-181.12255,-64.25,16.));
#3564=CARTESIAN_POINT('',(-181.12255,64.25,16.));
#3565=CARTESIAN_POINT('',(-181.12255,67.25,16.));
#3566=CARTESIAN_POINT('',(-181.12255,64.25,17.5));
#3567=CARTESIAN_POINT('',(-181.12255,64.25,17.5));
#3568=CARTESIAN_POINT('',(-181.12255,-63.75,17.5));
#3569=CARTESIAN_POINT('',(-181.12255,-33.625,17.5));
#3570=CARTESIAN_POINT('',(-181.12255,-64.25,17.375));
#3571=CARTESIAN_POINT('',(-181.12255,-67.8970588235294,16.4632352941176));
#3572=CARTESIAN_POINT('',(-181.12255,-64.25,17.5));
#3573=CARTESIAN_POINT('Origin',(-181.12255,2.99999999999999,16.));
#3574=CARTESIAN_POINT('',(-181.12255,2.99999999999999,-3.9123181398814));
#3575=CARTESIAN_POINT('',(-181.12255,2.99999999999999,16.));
#3576=CARTESIAN_POINT('',(-180.12255,2.99999999999999,-3.9123181398814));
#3577=CARTESIAN_POINT('Origin',(-175.12255,-61.25,0.));
#3578=CARTESIAN_POINT('',(-175.12255,61.25,16.));
#3579=CARTESIAN_POINT('',(-175.12255,-59.75,16.));
#3580=CARTESIAN_POINT('',(-175.12255,-30.625,16.));
#3581=CARTESIAN_POINT('',(-175.12255,-59.75,12.4));
#3582=CARTESIAN_POINT('',(-175.12255,-59.75,0.));
#3583=CARTESIAN_POINT('',(-175.12255,61.25,12.4));
#3584=CARTESIAN_POINT('',(-175.12255,59.75,12.4));
#3585=CARTESIAN_POINT('',(-175.12255,61.25,0.));
#3586=CARTESIAN_POINT('Origin',(178.12255,-2.65725222961723E-30,-21.5));
#3587=CARTESIAN_POINT('',(177.31105,9.93800877508051E-17,16.));
#3588=CARTESIAN_POINT('Origin',(178.12255,-2.65725222961723E-30,16.));
#3589=CARTESIAN_POINT('',(177.31105,-9.93800877508104E-17,4.5));
#3590=CARTESIAN_POINT('',(177.31105,9.93800877508051E-17,-21.5));
#3591=CARTESIAN_POINT('Origin',(178.12255,-2.65725222961723E-30,4.5));
#3592=CARTESIAN_POINT('Origin',(178.12255,-4.44089209850063E-15,4.5));
#3593=CARTESIAN_POINT('',(181.12255,3.,4.5));
#3594=CARTESIAN_POINT('',(175.12255,3.,4.5));
#3595=CARTESIAN_POINT('',(176.62255,3.,4.5));
#3596=CARTESIAN_POINT('',(181.12255,-3.00000000000001,4.5));
#3597=CARTESIAN_POINT('',(181.12255,33.625,4.5));
#3598=CARTESIAN_POINT('',(175.12255,-3.00000000000001,4.5));
#3599=CARTESIAN_POINT('',(179.62255,-3.,4.5));
#3600=CARTESIAN_POINT('',(175.12255,-1.5,4.5));
#3601=CARTESIAN_POINT('Origin',(181.12255,-3.,16.));
#3602=CARTESIAN_POINT('',(181.12255,-3.,-2.45673229767815));
#3603=CARTESIAN_POINT('',(181.12255,-3.,16.));
#3604=CARTESIAN_POINT('',(175.12255,-3.,-2.45673229767815));
#3605=CARTESIAN_POINT('',(180.12255,-3.,-2.45673229767815));
#3606=CARTESIAN_POINT('',(175.12255,-3.,16.));
#3607=CARTESIAN_POINT('Origin',(181.12255,67.25,17.5));
#3608=CARTESIAN_POINT('',(181.12255,64.25,16.));
#3609=CARTESIAN_POINT('',(181.12255,-64.25,16.));
#3610=CARTESIAN_POINT('',(181.12255,-67.25,16.));
#3611=CARTESIAN_POINT('',(181.12255,-64.25,17.375));
#3612=CARTESIAN_POINT('',(181.12255,-64.25,17.5));
#3613=CARTESIAN_POINT('',(181.12255,-63.75,17.5));
#3614=CARTESIAN_POINT('',(181.12255,-4.6029411764706,32.2867647058823));
#3615=CARTESIAN_POINT('',(181.12255,64.25,17.5));
#3616=CARTESIAN_POINT('',(181.12255,33.625,17.5));
#3617=CARTESIAN_POINT('',(181.12255,64.25,17.5));
#3618=CARTESIAN_POINT('Origin',(181.12255,67.25,17.5));
#3619=CARTESIAN_POINT('',(181.12255,3.,-3.9123181398814));
#3620=CARTESIAN_POINT('',(181.12255,3.,16.));
#3621=CARTESIAN_POINT('Origin',(181.12255,-28.1653440080442,-119.283527523221));
#3622=CARTESIAN_POINT('Origin',(175.12255,3.,16.));
#3623=CARTESIAN_POINT('',(175.12255,3.,-3.9123181398814));
#3624=CARTESIAN_POINT('',(175.12255,3.,16.));
#3625=CARTESIAN_POINT('',(180.12255,3.,-3.9123181398814));
#3626=CARTESIAN_POINT('Origin',(175.12255,-3.,16.));
#3627=CARTESIAN_POINT('Origin',(175.12255,-28.1653440080442,-119.283527523221));
#3628=CARTESIAN_POINT('Origin',(3.5527136788005E-14,-8.88178419700125E-15,
16.));
#3629=CARTESIAN_POINT('',(-178.12255,-67.25,16.));
#3630=CARTESIAN_POINT('Origin',(-178.12255,-64.25,16.));
#3631=CARTESIAN_POINT('',(178.12255,-67.25,16.));
#3632=CARTESIAN_POINT('',(-181.12255,-67.25,16.));
#3633=CARTESIAN_POINT('Origin',(178.12255,-64.25,16.));
#3634=CARTESIAN_POINT('',(178.12255,67.25,16.));
#3635=CARTESIAN_POINT('Origin',(178.12255,64.25,16.));
#3636=CARTESIAN_POINT('',(-178.12255,67.25,16.));
#3637=CARTESIAN_POINT('',(181.12255,67.25,16.));
#3638=CARTESIAN_POINT('Origin',(-178.12255,64.25,16.));
#3639=CARTESIAN_POINT('',(173.62255,61.25,16.));
#3640=CARTESIAN_POINT('',(-87.561275,61.25,16.));
#3641=CARTESIAN_POINT('',(175.12255,59.75,16.));
#3642=CARTESIAN_POINT('Origin',(173.62255,59.75,16.));
#3643=CARTESIAN_POINT('',(175.12255,-59.75,16.));
#3644=CARTESIAN_POINT('',(175.12255,30.625,16.));
#3645=CARTESIAN_POINT('',(173.62255,-61.25,16.));
#3646=CARTESIAN_POINT('Origin',(173.62255,-59.75,16.));
#3647=CARTESIAN_POINT('',(-173.62255,-61.25,16.));
#3648=CARTESIAN_POINT('',(87.561275,-61.25,16.));
#3649=CARTESIAN_POINT('Origin',(-173.62255,-59.75,16.));
#3650=CARTESIAN_POINT('',(-178.93405,51.25,16.));
#3651=CARTESIAN_POINT('Origin',(-178.12255,51.25,16.));
#3652=CARTESIAN_POINT('',(-178.93405,-51.25,16.));
#3653=CARTESIAN_POINT('Origin',(-178.12255,-51.25,16.));
#3654=CARTESIAN_POINT('',(-165.93405,-64.25,16.));
#3655=CARTESIAN_POINT('Origin',(-165.12255,-64.25,16.));
#3656=CARTESIAN_POINT('',(164.31105,-64.25,16.));
#3657=CARTESIAN_POINT('Origin',(165.12255,-64.25,16.));
#3658=CARTESIAN_POINT('',(177.31105,-51.25,16.));
#3659=CARTESIAN_POINT('Origin',(178.12255,-51.25,16.));
#3660=CARTESIAN_POINT('',(177.31105,51.25,16.));
#3661=CARTESIAN_POINT('Origin',(178.12255,51.25,16.));
#3662=CARTESIAN_POINT('',(-165.93405,64.25,16.));
#3663=CARTESIAN_POINT('Origin',(-165.12255,64.25,16.));
#3664=CARTESIAN_POINT('',(132.31105,64.25,16.));
#3665=CARTESIAN_POINT('Origin',(133.12255,64.25,16.));
#3666=CARTESIAN_POINT('',(-0.811449999999878,64.25,16.));
#3667=CARTESIAN_POINT('Origin',(5.00000001224521E-5,64.25,16.));
#3668=CARTESIAN_POINT('',(-0.811449999999878,-64.25,16.));
#3669=CARTESIAN_POINT('Origin',(5.00000001224521E-5,-64.25,16.));
#3670=CARTESIAN_POINT('Origin',(175.12255,61.25,0.));
#3671=CARTESIAN_POINT('',(175.12255,59.75,12.4));
#3672=CARTESIAN_POINT('',(175.12255,-59.75,12.4));
#3673=CARTESIAN_POINT('',(175.12255,-59.75,12.4));
#3674=CARTESIAN_POINT('',(175.12255,-59.75,12.5));
#3675=CARTESIAN_POINT('',(175.12255,59.75,0.));
#3676=CARTESIAN_POINT('Origin',(5.00000001224521E-5,-64.25,-4.));
#3677=CARTESIAN_POINT('',(-0.811449999999878,-64.25,4.5));
#3678=CARTESIAN_POINT('',(-0.811449999999878,-64.25,-4.));
#3679=CARTESIAN_POINT('Origin',(5.00000001224521E-5,-64.25,4.5));
#3680=CARTESIAN_POINT('Origin',(5.00000001224521E-5,-64.2500000447035,4.5));
#3681=CARTESIAN_POINT('',(-2.99994999999988,-67.250000089407,4.5));
#3682=CARTESIAN_POINT('',(3.00005000000012,-67.250000089407,4.5));
#3683=CARTESIAN_POINT('',(90.5613000000001,-67.25,4.5));
#3684=CARTESIAN_POINT('',(-2.99994999999988,-61.25,4.5));
#3685=CARTESIAN_POINT('',(-2.99994999999988,-65.7500000223517,4.5));
#3686=CARTESIAN_POINT('',(3.00005000000012,-61.25,4.5));
#3687=CARTESIAN_POINT('',(-1.49994999999988,-61.25,4.5));
#3688=CARTESIAN_POINT('',(3.00005000000012,-62.7500000223517,4.5));
#3689=CARTESIAN_POINT('Origin',(3.00005000000012,-61.25,16.));
#3690=CARTESIAN_POINT('',(3.00005000000012,-61.25,-7.5));
#3691=CARTESIAN_POINT('',(3.00005000000012,-61.25,16.));
#3692=CARTESIAN_POINT('',(3.00005000000013,-65.2450602766367,-7.5));
#3693=CARTESIAN_POINT('',(3.00005000000012,-78.9963746262062,-7.5));
#3694=CARTESIAN_POINT('',(3.00005000000012,-67.25,-5.49506027663667));
#3695=CARTESIAN_POINT('',(3.00005000000013,-65.8611513754112,-6.88390890122547));
#3696=CARTESIAN_POINT('',(3.00005000000012,-67.25,16.));
#3697=CARTESIAN_POINT('Origin',(-2.99994999999988,-61.25,16.));
#3698=CARTESIAN_POINT('',(-2.99994999999988,-61.25,-7.5));
#3699=CARTESIAN_POINT('',(-2.99994999999988,-61.25,16.));
#3700=CARTESIAN_POINT('',(-1.49997499999994,-61.25,-7.5));
#3701=CARTESIAN_POINT('Origin',(181.12255,-67.25,17.5));
#3702=CARTESIAN_POINT('',(-178.12255,-67.25,16.625));
#3703=CARTESIAN_POINT('',(-178.12255,-67.25,17.5));
#3704=CARTESIAN_POINT('',(178.12255,-67.25,16.625));
#3705=CARTESIAN_POINT('',(45.5306375000001,-67.25,16.625));
#3706=CARTESIAN_POINT('',(178.12255,-67.25,17.5));
#3707=CARTESIAN_POINT('Origin',(-2.99994999999988,-67.25,16.));
#3708=CARTESIAN_POINT('',(-2.99994999999988,-67.25,-5.49506027663667));
#3709=CARTESIAN_POINT('',(-2.99994999999988,-67.25,16.));
#3710=CARTESIAN_POINT('',(-2.99994999999988,-65.2450602766367,-7.5));
#3711=CARTESIAN_POINT('',(-2.99994999999988,-67.3611513754112,-5.38390890122548));
#3712=CARTESIAN_POINT('',(-2.99994999999988,-81.9963746262062,-7.5));
#3713=CARTESIAN_POINT('Origin',(175.12255,-61.25,0.));
#3714=CARTESIAN_POINT('',(173.62255,-61.25,12.4));
#3715=CARTESIAN_POINT('',(173.62255,-61.25,0.));
#3716=CARTESIAN_POINT('',(-173.62255,-61.25,12.4));
#3717=CARTESIAN_POINT('',(-173.62255,-61.25,12.4));
#3718=CARTESIAN_POINT('',(-173.62255,-61.25,12.5));
#3719=CARTESIAN_POINT('Origin',(0.,-96.7427492524125,-7.5));
#3720=CARTESIAN_POINT('',(-152.62255,-65.2450602766367,-7.5));
#3721=CARTESIAN_POINT('',(-90.061275,-65.2450602766367,-7.5));
#3722=CARTESIAN_POINT('',(-152.62255,-23.75,-7.5));
#3723=CARTESIAN_POINT('',(-152.62255,-18.75,-7.5));
#3724=CARTESIAN_POINT('',(-147.62255,-18.75,-7.5));
#3725=CARTESIAN_POINT('Origin',(-147.62255,-23.75,-7.5));
#3726=CARTESIAN_POINT('',(147.62255,-18.75,-7.5));
#3727=CARTESIAN_POINT('',(152.62255,-18.75,-7.5));
#3728=CARTESIAN_POINT('',(152.62255,-23.75,-7.5));
#3729=CARTESIAN_POINT('Origin',(147.62255,-23.75,-7.5));
#3730=CARTESIAN_POINT('',(152.62255,-65.2450602766367,-7.5));
#3731=CARTESIAN_POINT('',(152.62255,-174.735498504825,-7.5));
#3732=CARTESIAN_POINT('',(-90.061275,-65.2450602766367,-7.5));
#3733=CARTESIAN_POINT('Origin',(5.00000001224521E-5,64.25,-24.));
#3734=CARTESIAN_POINT('',(-0.811449999999878,64.25,4.5));
#3735=CARTESIAN_POINT('',(-0.811449999999878,64.25,-24.));
#3736=CARTESIAN_POINT('Origin',(5.00000001224521E-5,64.25,4.5));
#3737=CARTESIAN_POINT('Origin',(5.00000001224521E-5,64.25,4.5));
#3738=CARTESIAN_POINT('',(-2.99994999999988,61.25,4.5));
#3739=CARTESIAN_POINT('',(3.00005000000012,61.25,4.5));
#3740=CARTESIAN_POINT('',(1.50005000000012,61.25,4.5));
#3741=CARTESIAN_POINT('',(-2.99994999999988,67.25,4.5));
#3742=CARTESIAN_POINT('',(-2.99994999999988,62.75,4.5));
#3743=CARTESIAN_POINT('',(3.00005000000012,67.25,4.5));
#3744=CARTESIAN_POINT('',(-90.56125,67.25,4.5));
#3745=CARTESIAN_POINT('',(3.00005000000012,65.75,4.5));
#3746=CARTESIAN_POINT('Origin',(-181.12255,67.25,17.5));
#3747=CARTESIAN_POINT('',(-2.99994999999988,67.25,-0.798099645868879));
#3748=CARTESIAN_POINT('',(-2.99994999999988,67.25,16.));
#3749=CARTESIAN_POINT('',(3.00005000000012,67.25,-0.798099645868879));
#3750=CARTESIAN_POINT('',(-91.56125,67.25,-0.798099645868879));
#3751=CARTESIAN_POINT('',(3.00005000000012,67.25,16.));
#3752=CARTESIAN_POINT('Origin',(-2.99994999999988,61.25,16.));
#3753=CARTESIAN_POINT('',(-2.99994999999988,61.25,-1.5348070112863));
#3754=CARTESIAN_POINT('',(-2.99994999999988,61.25,16.));
#3755=CARTESIAN_POINT('',(-2.99994999999988,-5.18948656221381,-9.69255019544216));
#3756=CARTESIAN_POINT('Origin',(3.00005000000012,67.25,16.));
#3757=CARTESIAN_POINT('',(3.00005000000012,61.25,-1.5348070112863));
#3758=CARTESIAN_POINT('',(3.00005000000013,-2.23404297279982,-9.32966735204266));
#3759=CARTESIAN_POINT('',(3.00005000000012,61.25,16.));
#3760=CARTESIAN_POINT('Origin',(3.00005000000012,61.25,16.));
#3761=CARTESIAN_POINT('',(-88.5612499999999,61.25,-1.5348070112863));
#3762=CARTESIAN_POINT('Origin',(-175.12255,61.25,0.));
#3763=CARTESIAN_POINT('',(143.72255,61.25,12.4));
#3764=CARTESIAN_POINT('',(173.62255,61.25,12.4));
#3765=CARTESIAN_POINT('',(143.72255,61.25,5.5));
#3766=CARTESIAN_POINT('',(143.72255,61.25,12.5));
#3767=CARTESIAN_POINT('',(148.72255,61.25,5.5));
#3768=CARTESIAN_POINT('',(143.72255,61.25,5.5));
#3769=CARTESIAN_POINT('',(148.72255,61.25,12.5));
#3770=CARTESIAN_POINT('',(148.72255,61.25,6.25));
#3771=CARTESIAN_POINT('',(163.72255,61.25,12.5));
#3772=CARTESIAN_POINT('',(-5.69999999999999,61.25,12.5));
#3773=CARTESIAN_POINT('',(163.72255,61.25,5.5));
#3774=CARTESIAN_POINT('',(163.72255,61.25,6.25));
#3775=CARTESIAN_POINT('',(168.72255,61.25,5.5));
#3776=CARTESIAN_POINT('',(143.72255,61.25,5.5));
#3777=CARTESIAN_POINT('',(168.72255,61.25,12.4));
#3778=CARTESIAN_POINT('',(168.72255,61.25,12.5));
#3779=CARTESIAN_POINT('',(173.62255,61.25,12.4));
#3780=CARTESIAN_POINT('',(173.62255,61.25,12.4));
#3781=CARTESIAN_POINT('',(173.62255,61.25,0.));
#3782=CARTESIAN_POINT('Origin',(133.12255,64.25,1.));
#3783=CARTESIAN_POINT('',(132.31105,64.25,4.5));
#3784=CARTESIAN_POINT('',(132.31105,64.25,1.));
#3785=CARTESIAN_POINT('Origin',(133.12255,64.25,4.5));
#3786=CARTESIAN_POINT('Origin',(133.12255,64.25,4.5));
#3787=CARTESIAN_POINT('',(130.12255,61.25,4.5));
#3788=CARTESIAN_POINT('',(136.12255,61.25,4.5));
#3789=CARTESIAN_POINT('',(134.62255,61.25,4.5));
#3790=CARTESIAN_POINT('',(130.12255,67.25,4.5));
#3791=CARTESIAN_POINT('',(130.12255,62.75,4.5));
#3792=CARTESIAN_POINT('',(136.12255,67.25,4.5));
#3793=CARTESIAN_POINT('',(-24.,67.25,4.5));
#3794=CARTESIAN_POINT('',(136.12255,65.75,4.5));
#3795=CARTESIAN_POINT('Origin',(-181.12255,67.25,17.5));
#3796=CARTESIAN_POINT('',(130.12255,67.25,-0.798099645868879));
#3797=CARTESIAN_POINT('',(130.12255,67.25,16.));
#3798=CARTESIAN_POINT('',(136.12255,67.25,-0.798099645868879));
#3799=CARTESIAN_POINT('',(-25.,67.25,-0.798099645868879));
#3800=CARTESIAN_POINT('',(136.12255,67.25,16.));
#3801=CARTESIAN_POINT('Origin',(130.12255,61.25,16.));
#3802=CARTESIAN_POINT('',(130.12255,61.25,-1.5348070112863));
#3803=CARTESIAN_POINT('',(130.12255,61.25,16.));
#3804=CARTESIAN_POINT('',(130.12255,-5.18948656221381,-9.69255019544216));
#3805=CARTESIAN_POINT('Origin',(136.12255,61.25,16.));
#3806=CARTESIAN_POINT('',(136.12255,61.25,-1.5348070112863));
#3807=CARTESIAN_POINT('',(136.12255,61.25,16.));
#3808=CARTESIAN_POINT('',(-22.,61.25,-1.5348070112863));
#3809=CARTESIAN_POINT('Origin',(136.12255,67.25,16.));
#3810=CARTESIAN_POINT('',(136.12255,-2.23404297279982,-9.32966735204266));
#3811=CARTESIAN_POINT('Origin',(-165.12255,64.25,6.));
#3812=CARTESIAN_POINT('',(-165.93405,64.25,4.5));
#3813=CARTESIAN_POINT('',(-165.93405,64.25,6.));
#3814=CARTESIAN_POINT('Origin',(-165.12255,64.25,4.5));
#3815=CARTESIAN_POINT('Origin',(-165.12255,64.25,4.5));
#3816=CARTESIAN_POINT('',(-162.12255,67.25,4.5));
#3817=CARTESIAN_POINT('',(-168.12255,67.25,4.5));
#3818=CARTESIAN_POINT('',(-173.12255,67.25,4.5));
#3819=CARTESIAN_POINT('',(-162.12255,61.25,4.5));
#3820=CARTESIAN_POINT('',(-162.12255,65.75,4.5));
#3821=CARTESIAN_POINT('',(-168.12255,61.25,4.5));
#3822=CARTESIAN_POINT('',(-163.62255,61.25,4.5));
#3823=CARTESIAN_POINT('',(-168.12255,62.75,4.5));
#3824=CARTESIAN_POINT('Origin',(-168.12255,61.25,16.));
#3825=CARTESIAN_POINT('',(-168.12255,61.25,-1.53480701128631));
#3826=CARTESIAN_POINT('',(-168.12255,61.25,16.));
#3827=CARTESIAN_POINT('',(-168.12255,67.25,-0.798099645868879));
#3828=CARTESIAN_POINT('',(-168.12255,-5.18948656221382,-9.69255019544216));
#3829=CARTESIAN_POINT('',(-168.12255,67.25,16.));
#3830=CARTESIAN_POINT('Origin',(-162.12255,61.25,16.));
#3831=CARTESIAN_POINT('',(-162.12255,61.25,-1.53480701128631));
#3832=CARTESIAN_POINT('',(-162.12255,61.25,16.));
#3833=CARTESIAN_POINT('',(-171.12255,61.25,-1.53480701128631));
#3834=CARTESIAN_POINT('Origin',(-181.12255,67.25,17.5));
#3835=CARTESIAN_POINT('',(178.12255,67.25,17.5));
#3836=CARTESIAN_POINT('',(178.12255,67.25,17.5));
#3837=CARTESIAN_POINT('',(-178.12255,67.25,17.5));
#3838=CARTESIAN_POINT('',(-90.561275,67.25,17.5));
#3839=CARTESIAN_POINT('',(-178.12255,67.25,17.5));
#3840=CARTESIAN_POINT('Origin',(-162.12255,67.25,16.));
#3841=CARTESIAN_POINT('',(-162.12255,67.25,-0.798099645868879));
#3842=CARTESIAN_POINT('',(-162.12255,67.25,16.));
#3843=CARTESIAN_POINT('',(-162.12255,-2.23404297279982,-9.32966735204266));
#3844=CARTESIAN_POINT('Origin',(-178.12255,51.25,-3.));
#3845=CARTESIAN_POINT('',(-178.93405,51.25,4.5));
#3846=CARTESIAN_POINT('',(-178.93405,51.25,-3.));
#3847=CARTESIAN_POINT('Origin',(-178.12255,51.25,4.5));
#3848=CARTESIAN_POINT('Origin',(-178.12255,51.25,4.5));
#3849=CARTESIAN_POINT('',(-175.12255,54.25,4.5));
#3850=CARTESIAN_POINT('',(-181.12255,54.25,4.5));
#3851=CARTESIAN_POINT('',(-179.62255,54.25,4.5));
#3852=CARTESIAN_POINT('',(-175.12255,48.25,4.5));
#3853=CARTESIAN_POINT('',(-175.12255,52.75,4.5));
#3854=CARTESIAN_POINT('',(-181.12255,48.25,4.5));
#3855=CARTESIAN_POINT('',(-176.62255,48.25,4.5));
#3856=CARTESIAN_POINT('',(-181.12255,-8.00000000000001,4.5));
#3857=CARTESIAN_POINT('Origin',(-175.12255,48.25,16.));
#3858=CARTESIAN_POINT('',(-175.12255,48.25,-3.13100630302406));
#3859=CARTESIAN_POINT('',(-175.12255,48.25,16.));
#3860=CARTESIAN_POINT('',(-181.12255,48.25,-3.13100630302406));
#3861=CARTESIAN_POINT('',(-177.62255,48.25,-3.13100630302407));
#3862=CARTESIAN_POINT('',(-181.12255,48.25,16.));
#3863=CARTESIAN_POINT('Origin',(-175.12255,54.25,16.));
#3864=CARTESIAN_POINT('',(-175.12255,54.25,-2.39429893760664));
#3865=CARTESIAN_POINT('',(-175.12255,54.25,16.));
#3866=CARTESIAN_POINT('',(-175.12255,-8.63750408319681,-10.1159135127416));
#3867=CARTESIAN_POINT('Origin',(-181.12255,-67.25,17.5));
#3868=CARTESIAN_POINT('Origin',(-181.12255,-28.1653440080442,-119.283527523221));
#3869=CARTESIAN_POINT('Origin',(-181.12255,54.25,16.));
#3870=CARTESIAN_POINT('',(-181.12255,54.25,-2.39429893760664));
#3871=CARTESIAN_POINT('',(-181.12255,54.25,16.));
#3872=CARTESIAN_POINT('',(-180.62255,54.25,-2.39429893760664));
#3873=CARTESIAN_POINT('Origin',(-178.12255,-51.25,4.));
#3874=CARTESIAN_POINT('',(-178.93405,-51.25,4.5));
#3875=CARTESIAN_POINT('',(-178.93405,-51.25,4.));
#3876=CARTESIAN_POINT('Origin',(-178.12255,-51.25,4.5));
#3877=CARTESIAN_POINT('Origin',(-178.12255,-51.25,4.5));
#3878=CARTESIAN_POINT('',(-175.12255,-48.25,4.5));
#3879=CARTESIAN_POINT('',(-181.12255,-48.25,4.5));
#3880=CARTESIAN_POINT('',(-179.62255,-48.25,4.5));
#3881=CARTESIAN_POINT('',(-175.12255,-54.25,4.5));
#3882=CARTESIAN_POINT('',(-175.12255,-49.75,4.5));
#3883=CARTESIAN_POINT('',(-181.12255,-54.25,4.5));
#3884=CARTESIAN_POINT('',(-176.62255,-54.25,4.5));
#3885=CARTESIAN_POINT('',(-181.12255,-59.25,4.5));
#3886=CARTESIAN_POINT('Origin',(-175.12255,-54.25,16.));
#3887=CARTESIAN_POINT('',(-175.12255,-54.25,0.));
#3888=CARTESIAN_POINT('',(-175.12255,-54.25,16.));
#3889=CARTESIAN_POINT('',(-181.12255,-54.25,0.));
#3890=CARTESIAN_POINT('',(-1.25,-54.25,0.));
#3891=CARTESIAN_POINT('',(-181.12255,-54.25,16.));
#3892=CARTESIAN_POINT('Origin',(-175.12255,-48.25,16.));
#3893=CARTESIAN_POINT('',(-175.12255,-48.25,0.));
#3894=CARTESIAN_POINT('',(-175.12255,-48.25,16.));
#3895=CARTESIAN_POINT('',(-175.12255,-34.5595669023596,0.));
#3896=CARTESIAN_POINT('Origin',(-181.12255,-67.25,17.5));
#3897=CARTESIAN_POINT('',(-181.12255,-11.5929476726108,-10.4787963561411));
#3898=CARTESIAN_POINT('Origin',(-181.12255,-48.25,16.));
#3899=CARTESIAN_POINT('',(-181.12255,-48.25,0.));
#3900=CARTESIAN_POINT('',(-181.12255,-48.25,16.));
#3901=CARTESIAN_POINT('',(-4.25000000000001,-48.25,0.));
#3902=CARTESIAN_POINT('Origin',(-165.12255,-64.25,-19.));
#3903=CARTESIAN_POINT('',(-165.93405,-64.25,4.5));
#3904=CARTESIAN_POINT('',(-165.93405,-64.25,-19.));
#3905=CARTESIAN_POINT('Origin',(-165.12255,-64.25,4.5));
#3906=CARTESIAN_POINT('Origin',(-165.12255,-64.2499999552965,4.5));
#3907=CARTESIAN_POINT('',(-162.12255,-61.249999910593,4.5));
#3908=CARTESIAN_POINT('',(-168.12255,-61.249999910593,4.5));
#3909=CARTESIAN_POINT('',(-166.62255,-61.25,4.5));
#3910=CARTESIAN_POINT('',(-162.12255,-67.25,4.5));
#3911=CARTESIAN_POINT('',(-162.12255,-62.7499999776483,4.5));
#3912=CARTESIAN_POINT('',(-168.12255,-67.25,4.5));
#3913=CARTESIAN_POINT('',(8.00000000000004,-67.25,4.5));
#3914=CARTESIAN_POINT('',(-168.12255,-65.7499999776483,4.5));
#3915=CARTESIAN_POINT('Origin',(181.12255,-67.25,17.5));
#3916=CARTESIAN_POINT('',(-162.12255,-67.25,-5.49506027663666));
#3917=CARTESIAN_POINT('',(-162.12255,-67.25,16.));
#3918=CARTESIAN_POINT('',(-167.62255,-67.25,-5.49506027663665));
#3919=CARTESIAN_POINT('',(-171.12255,-67.25,-5.49506027663666));
#3920=CARTESIAN_POINT('',(-168.12255,-67.25,-5.45961610450632));
#3921=CARTESIAN_POINT('Origin',(-167.62255,-67.25,1.57600753522882));
#3922=CARTESIAN_POINT('',(-168.12255,-67.25,16.));
#3923=CARTESIAN_POINT('Origin',(-162.12255,-61.25,16.));
#3924=CARTESIAN_POINT('',(-162.12255,-61.25,-11.4950602766367));
#3925=CARTESIAN_POINT('',(-162.12255,-61.25,16.));
#3926=CARTESIAN_POINT('',(-162.12255,-65.8611513754112,-6.88390890122547));
#3927=CARTESIAN_POINT('Origin',(-168.12255,-67.25,16.));
#3928=CARTESIAN_POINT('',(-168.12255,-61.25,-11.4596161045063));
#3929=CARTESIAN_POINT('',(-168.12255,-51.7953983977982,-20.9142177067082));
#3930=CARTESIAN_POINT('',(-168.12255,-61.25,16.));
#3931=CARTESIAN_POINT('Origin',(-168.12255,-61.25,16.));
#3932=CARTESIAN_POINT('',(-167.62255,-61.25,-11.4950602766367));
#3933=CARTESIAN_POINT('Origin',(-167.62255,-61.25,-4.42399246477118));
#3934=CARTESIAN_POINT('',(-174.12255,-61.25,-11.4950602766367));
#3935=CARTESIAN_POINT('Origin',(-167.62255,-48.2775865779306,-17.3964058868406));
#3936=CARTESIAN_POINT('',(-167.62255,-72.7450602766367,0.));
#3937=CARTESIAN_POINT('',(-167.62255,-51.8131204838633,-20.9319397927734));
#3938=CARTESIAN_POINT('',(-172.62255,-65.6739924647712,0.));
#3939=CARTESIAN_POINT('Origin',(-167.62255,-65.6739924647712,0.));
#3940=CARTESIAN_POINT('',(-172.62255,-50.4269768838389,-15.2470155809323));
#3941=CARTESIAN_POINT('',(-172.62255,-48.2775865779306,-17.3964058868406));
#3942=CARTESIAN_POINT('',(-167.62255,-56.7247726125041,-16.0202876641326));
#3943=CARTESIAN_POINT('Origin',(-167.62255,-50.4269768838389,-15.2470155809323));
#3944=CARTESIAN_POINT('',(-167.62255,-51.8131204838633,-20.9319397927734));
#3945=CARTESIAN_POINT('Origin',(165.12255,-64.25,-6.));
#3946=CARTESIAN_POINT('',(164.31105,-64.25,4.5));
#3947=CARTESIAN_POINT('',(164.31105,-64.25,-6.));
#3948=CARTESIAN_POINT('Origin',(165.12255,-64.25,4.5));
#3949=CARTESIAN_POINT('Origin',(165.12255,-64.25,4.5));
#3950=CARTESIAN_POINT('',(168.12255,-61.25,4.5));
#3951=CARTESIAN_POINT('',(162.12255,-61.25,4.5));
#3952=CARTESIAN_POINT('',(163.62255,-61.25,4.5));
#3953=CARTESIAN_POINT('',(168.12255,-67.25,4.5));
#3954=CARTESIAN_POINT('',(168.12255,-62.75,4.5));
#3955=CARTESIAN_POINT('',(162.12255,-67.25,4.5));
#3956=CARTESIAN_POINT('',(173.12255,-67.25,4.5));
#3957=CARTESIAN_POINT('',(162.12255,-65.75,4.5));
#3958=CARTESIAN_POINT('Origin',(181.12255,-67.25,17.5));
#3959=CARTESIAN_POINT('',(168.12255,-67.25,-5.45961610450632));
#3960=CARTESIAN_POINT('',(168.12255,-67.25,16.));
#3961=CARTESIAN_POINT('',(167.62255,-67.25,-5.49506027663666));
#3962=CARTESIAN_POINT('Origin',(167.62255,-67.25,1.57600753522881));
#3963=CARTESIAN_POINT('',(162.12255,-67.25,-5.49506027663667));
#3964=CARTESIAN_POINT('',(-5.99999999999996,-67.25,-5.49506027663667));
#3965=CARTESIAN_POINT('',(162.12255,-67.25,16.));
#3966=CARTESIAN_POINT('Origin',(168.12255,-61.25,16.));
#3967=CARTESIAN_POINT('',(168.12255,-61.25,-11.4596161045063));
#3968=CARTESIAN_POINT('',(168.12255,-61.25,16.));
#3969=CARTESIAN_POINT('',(168.12255,-51.7953983977982,-20.9142177067082));
#3970=CARTESIAN_POINT('Origin',(162.12255,-67.25,16.));
#3971=CARTESIAN_POINT('',(162.12255,-61.25,-11.4950602766367));
#3972=CARTESIAN_POINT('',(162.12255,-67.3611513754112,-5.38390890122548));
#3973=CARTESIAN_POINT('',(162.12255,-61.25,16.));
#3974=CARTESIAN_POINT('Origin',(162.12255,-61.25,16.));
#3975=CARTESIAN_POINT('',(167.62255,-61.25,-11.4950602766367));
#3976=CARTESIAN_POINT('',(-8.99999999999997,-61.25,-11.4950602766367));
#3977=CARTESIAN_POINT('Origin',(167.62255,-61.25,-4.42399246477121));
#3978=CARTESIAN_POINT('Origin',(-180.12255,-56.7247726125041,-16.0202876641326));
#3979=CARTESIAN_POINT('',(152.62255,-56.7247726125041,-16.0202876641326));
#3980=CARTESIAN_POINT('',(152.62255,-49.3611513754112,-23.3839089012255));
#3981=CARTESIAN_POINT('',(167.62255,-56.7247726125041,-16.0202876641326));
#3982=CARTESIAN_POINT('',(-180.12255,-56.7247726125041,-16.0202876641326));
#3983=CARTESIAN_POINT('',(167.62255,-51.8131204838633,-20.9319397927734));
#3984=CARTESIAN_POINT('',(167.62255,-72.7450602766367,0.));
#3985=CARTESIAN_POINT('',(167.62255,-51.8131204838633,-20.9319397927734));
#3986=CARTESIAN_POINT('',(-90.061275,-72.7450602766367,0.));
#3987=CARTESIAN_POINT('',(-152.62255,-56.7247726125041,-16.0202876641326));
#3988=CARTESIAN_POINT('',(-180.12255,-56.7247726125041,-16.0202876641326));
#3989=CARTESIAN_POINT('',(-152.62255,-88.3575260016174,15.6124657249808));
#3990=CARTESIAN_POINT('',(-88.5612499999999,-67.25,-5.49506027663667));
#3991=CARTESIAN_POINT('Origin',(178.12255,-51.25,1.));
#3992=CARTESIAN_POINT('',(177.31105,-51.25,4.5));
#3993=CARTESIAN_POINT('',(177.31105,-51.25,1.));
#3994=CARTESIAN_POINT('Origin',(178.12255,-51.25,4.5));
#3995=CARTESIAN_POINT('Origin',(178.12255,-51.25,4.5));
#3996=CARTESIAN_POINT('',(181.12255,-48.25,4.5));
#3997=CARTESIAN_POINT('',(175.12255,-48.25,4.5));
#3998=CARTESIAN_POINT('',(176.62255,-48.25,4.5));
#3999=CARTESIAN_POINT('',(181.12255,-54.25,4.5));
#4000=CARTESIAN_POINT('',(181.12255,7.99999999999999,4.5));
#4001=CARTESIAN_POINT('',(175.12255,-54.25,4.5));
#4002=CARTESIAN_POINT('',(179.62255,-54.25,4.5));
#4003=CARTESIAN_POINT('',(175.12255,-52.75,4.5));
#4004=CARTESIAN_POINT('Origin',(181.12255,-54.25,16.));
#4005=CARTESIAN_POINT('',(181.12255,-54.25,0.));
#4006=CARTESIAN_POINT('',(181.12255,-54.25,16.));
#4007=CARTESIAN_POINT('',(175.12255,-54.25,0.));
#4008=CARTESIAN_POINT('',(176.87255,-54.25,0.));
#4009=CARTESIAN_POINT('',(175.12255,-54.25,16.));
#4010=CARTESIAN_POINT('Origin',(181.12255,67.25,17.5));
#4011=CARTESIAN_POINT('',(181.12255,-48.25,0.));
#4012=CARTESIAN_POINT('',(181.12255,-48.25,16.));
#4013=CARTESIAN_POINT('',(181.12255,-34.5595669023596,0.));
#4014=CARTESIAN_POINT('Origin',(175.12255,-48.25,16.));
#4015=CARTESIAN_POINT('',(175.12255,-48.25,0.));
#4016=CARTESIAN_POINT('',(175.12255,-48.25,16.));
#4017=CARTESIAN_POINT('',(173.87255,-48.25,0.));
#4018=CARTESIAN_POINT('Origin',(175.12255,-54.25,16.));
#4019=CARTESIAN_POINT('',(175.12255,-37.5595669023596,0.));
#4020=CARTESIAN_POINT('Origin',(178.12255,51.25,4.5));
#4021=CARTESIAN_POINT('',(175.12255,54.25,4.5));
#4022=CARTESIAN_POINT('',(175.12255,48.25,4.5));
#4023=CARTESIAN_POINT('',(175.122549910593,49.7499999776483,4.5));
#4024=CARTESIAN_POINT('',(181.12255,54.25,4.5));
#4025=CARTESIAN_POINT('',(176.622549955297,54.2500000447035,4.5));
#4026=CARTESIAN_POINT('',(181.12255,48.25,4.5));
#4027=CARTESIAN_POINT('',(181.12255,59.25,4.5));
#4028=CARTESIAN_POINT('',(179.62255,48.2499999552965,4.5));
#4029=CARTESIAN_POINT('',(177.31105,51.25,4.5));
#4030=CARTESIAN_POINT('Origin',(178.12255,51.25,4.5));
#4031=CARTESIAN_POINT('Origin',(175.122549910593,54.2500000447035,16.));
#4032=CARTESIAN_POINT('',(175.122549910593,54.2500000447035,-2.39429893211774));
#4033=CARTESIAN_POINT('',(175.122549910593,54.2500000447035,16.));
#4034=CARTESIAN_POINT('',(181.12255,54.2500000447035,-2.39429893211774));
#4035=CARTESIAN_POINT('',(-2.50000004470344,54.2500000447035,-2.39429893211774));
#4036=CARTESIAN_POINT('',(181.12255,54.2500000447035,16.));
#4037=CARTESIAN_POINT('Origin',(175.122549910593,48.2499999552965,16.));
#4038=CARTESIAN_POINT('',(175.122549910593,48.2499999552965,-3.13100630851296));
#4039=CARTESIAN_POINT('',(175.122549910593,48.2499999552965,16.));
#4040=CARTESIAN_POINT('',(175.122549910593,-11.5929476946306,-10.4787963588448));
#4041=CARTESIAN_POINT('Origin',(178.12255,51.25,4.5));
#4042=CARTESIAN_POINT('',(177.31105,51.25,4.5));
#4043=CARTESIAN_POINT('Origin',(181.12255,67.25,17.5));
#4044=CARTESIAN_POINT('',(181.12255,48.2499999552965,-3.13100630851296));
#4045=CARTESIAN_POINT('',(181.12255,-8.63750406117704,-10.1159135100379));
#4046=CARTESIAN_POINT('',(181.12255,48.2499999552965,16.));
#4047=CARTESIAN_POINT('Origin',(181.12255,48.2499999552965,16.));
#4048=CARTESIAN_POINT('',(0.500000000000043,48.2499999552965,-3.13100630851296));
#4049=CARTESIAN_POINT('Origin',(-178.12255,-64.25,17.5));
#4050=CARTESIAN_POINT('Origin',(-178.12255,-64.25,17.375));
#4051=CARTESIAN_POINT('Origin',(-181.12255,-67.25,17.5));
#4052=CARTESIAN_POINT('',(-181.12255,-37.5595669023596,0.));
#4053=CARTESIAN_POINT('Origin',(178.12255,-64.25,17.5));
#4054=CARTESIAN_POINT('Origin',(178.12255,-64.25,17.375));
#4055=CARTESIAN_POINT('Origin',(178.12255,64.25,17.5));
#4056=CARTESIAN_POINT('Origin',(178.12255,64.25,17.5));
#4057=CARTESIAN_POINT('Origin',(-181.12255,67.25,17.5));
#4058=CARTESIAN_POINT('',(-174.12255,67.25,-0.798099645868879));
#4059=CARTESIAN_POINT('Origin',(-178.12255,64.25,17.5));
#4060=CARTESIAN_POINT('Origin',(-178.12255,64.25,17.5));
#4061=CARTESIAN_POINT('Origin',(0.,0.,12.4));
#4062=CARTESIAN_POINT('Origin',(-173.62255,-59.75,12.4));
#4063=CARTESIAN_POINT('Origin',(173.62255,-59.75,12.4));
#4064=CARTESIAN_POINT('Origin',(173.62255,59.75,12.4));
#4065=CARTESIAN_POINT('',(168.72255,7.25,12.4));
#4066=CARTESIAN_POINT('',(168.72255,30.625,12.4));
#4067=CARTESIAN_POINT('',(143.72255,7.25,12.4));
#4068=CARTESIAN_POINT('',(84.361275,7.25,12.4));
#4069=CARTESIAN_POINT('',(143.72255,3.625,12.4));
#4070=CARTESIAN_POINT('Origin',(181.12255,-67.25,17.5));
#4071=CARTESIAN_POINT('Origin',(173.62255,-59.75,0.));
#4072=CARTESIAN_POINT('Origin',(173.62255,59.75,0.));
#4073=CARTESIAN_POINT('Origin',(0.,-8.88178419700125E-15,17.5));
#4074=CARTESIAN_POINT('',(183.62255,-63.75,17.5));
#4075=CARTESIAN_POINT('',(180.12255,-63.75,17.5));
#4076=CARTESIAN_POINT('',(183.62255,68.75,17.5));
#4077=CARTESIAN_POINT('',(183.62255,68.75,17.5));
#4078=CARTESIAN_POINT('',(178.62255,73.75,17.5));
#4079=CARTESIAN_POINT('Origin',(178.62255,68.75,17.5));
#4080=CARTESIAN_POINT('',(-178.62255,73.75,17.5));
#4081=CARTESIAN_POINT('',(-180.12255,73.75,17.5));
#4082=CARTESIAN_POINT('',(-183.62255,68.75,17.5));
#4083=CARTESIAN_POINT('Origin',(-178.62255,68.75,17.5));
#4084=CARTESIAN_POINT('',(-183.62255,-63.75,17.5));
#4085=CARTESIAN_POINT('',(-183.62255,73.75,17.5));
#4086=CARTESIAN_POINT('',(180.12255,-63.75,17.5));
#4087=CARTESIAN_POINT('Origin',(143.72255,7.25,12.5));
#4088=CARTESIAN_POINT('',(143.72255,7.25,5.5));
#4089=CARTESIAN_POINT('',(143.72255,7.25,12.5));
#4090=CARTESIAN_POINT('',(143.72255,7.25,5.5));
#4091=CARTESIAN_POINT('Origin',(168.72255,7.25,12.5));
#4092=CARTESIAN_POINT('',(168.72255,7.25,5.5));
#4093=CARTESIAN_POINT('',(168.72255,7.25,12.5));
#4094=CARTESIAN_POINT('',(168.72255,7.25,5.5));
#4095=CARTESIAN_POINT('Origin',(168.72255,61.25,12.5));
#4096=CARTESIAN_POINT('',(168.72255,61.25,5.5));
#4097=CARTESIAN_POINT('Origin',(-178.62255,-68.75,0.));
#4098=CARTESIAN_POINT('',(-183.62255,-68.75,0.));
#4099=CARTESIAN_POINT('',(-178.62255,-73.75,0.));
#4100=CARTESIAN_POINT('Origin',(-178.62255,-68.75,0.));
#4101=CARTESIAN_POINT('',(-178.62255,-73.75,15.));
#4102=CARTESIAN_POINT('',(-178.62255,-73.75,0.));
#4103=CARTESIAN_POINT('',(-183.62255,-68.75,16.25));
#4104=CARTESIAN_POINT('Origin',(-178.62255,-68.75,16.25));
#4105=CARTESIAN_POINT('',(-183.62255,-68.75,0.));
#4106=CARTESIAN_POINT('Origin',(172.62255,-20.8691338047192,0.));
#4107=CARTESIAN_POINT('',(-183.62255,-20.8691338047192,0.));
#4108=CARTESIAN_POINT('',(-183.62255,61.25,0.));
#4109=CARTESIAN_POINT('',(-172.62255,-20.8691338047192,0.));
#4110=CARTESIAN_POINT('',(-180.12255,-20.8691338047192,0.));
#4111=CARTESIAN_POINT('',(-172.62255,-25.4354520139621,0.));
#4112=CARTESIAN_POINT('',(172.62255,-65.6739924647712,0.));
#4113=CARTESIAN_POINT('Origin',(167.62255,-65.6739924647712,0.));
#4114=CARTESIAN_POINT('',(172.62255,-20.8691338047192,0.));
#4115=CARTESIAN_POINT('',(172.62255,-25.4354520139621,0.));
#4116=CARTESIAN_POINT('',(183.62255,-20.8691338047192,0.));
#4117=CARTESIAN_POINT('',(180.12255,-20.8691338047192,0.));
#4118=CARTESIAN_POINT('',(183.62255,-68.75,0.));
#4119=CARTESIAN_POINT('',(183.62255,-68.75,0.));
#4120=CARTESIAN_POINT('',(178.62255,-73.75,0.));
#4121=CARTESIAN_POINT('Origin',(178.62255,-68.75,0.));
#4122=CARTESIAN_POINT('',(-180.12255,-73.75,0.));
#4123=CARTESIAN_POINT('Origin',(-183.62255,73.75,0.));
#4124=CARTESIAN_POINT('',(-183.62255,-3.6029411764706,32.5367647058823));
#4125=CARTESIAN_POINT('',(-183.62255,68.75,-0.613922804514523));
#4126=CARTESIAN_POINT('',(-183.62255,68.75,8.75));
#4127=CARTESIAN_POINT('',(-183.62255,18.4111309557187,-6.79475873646543));
#4128=CARTESIAN_POINT('',(-183.62255,73.75,0.));
#4129=CARTESIAN_POINT('',(-183.62255,9.64585256940503,-5.91638927277554));
#4130=CARTESIAN_POINT('Origin',(-183.62255,15.9737440876157,13.056164296361));
#4131=CARTESIAN_POINT('Origin',(-183.62255,-28.1653440080442,-119.283527523221));
#4132=CARTESIAN_POINT('Origin',(-180.12255,-73.75,0.));
#4133=CARTESIAN_POINT('',(178.62255,-73.75,15.));
#4134=CARTESIAN_POINT('',(178.62255,-73.75,0.));
#4135=CARTESIAN_POINT('',(-90.061275,-73.75,15.));
#4136=CARTESIAN_POINT('Origin',(-90.061275,-68.75,16.25));
#4137=CARTESIAN_POINT('',(183.62255,-68.75,16.25));
#4138=CARTESIAN_POINT('Origin',(178.62255,-68.75,16.25));
#4139=CARTESIAN_POINT('',(183.62255,-73.0147058823529,15.1838235294118));
#4140=CARTESIAN_POINT('Origin',(178.62255,-68.75,0.));
#4141=CARTESIAN_POINT('',(183.62255,-68.75,0.));
#4142=CARTESIAN_POINT('Origin',(183.62255,-73.75,0.));
#4143=CARTESIAN_POINT('',(183.62255,9.64585256940502,-5.91638927277554));
#4144=CARTESIAN_POINT('Origin',(183.62255,-28.1653440080442,-119.283527523221));
#4145=CARTESIAN_POINT('',(183.62255,18.4111309557187,-6.79475873646543));
#4146=CARTESIAN_POINT('Origin',(183.62255,15.9737440876157,13.056164296361));
#4147=CARTESIAN_POINT('',(183.62255,68.75,-0.61392280451452));
#4148=CARTESIAN_POINT('',(183.62255,-36.875,-13.5830420498838));
#4149=CARTESIAN_POINT('',(183.62255,68.75,-0.30696140225726));
#4150=CARTESIAN_POINT('Origin',(178.62255,68.75,-0.30696140225726));
#4151=CARTESIAN_POINT('',(178.62255,73.75,0.));
#4152=CARTESIAN_POINT('Origin',(178.62255,68.75,-0.613922804514518));
#4153=CARTESIAN_POINT('',(178.62255,73.75,-0.30696140225726));
#4154=CARTESIAN_POINT('Origin',(180.12255,73.75,-0.61392280451452));
#4155=CARTESIAN_POINT('',(-178.62255,73.75,0.));
#4156=CARTESIAN_POINT('',(180.12255,73.75,0.));
#4157=CARTESIAN_POINT('',(-178.62255,73.75,8.75));
#4158=CARTESIAN_POINT('',(148.72255,73.75,12.5));
#4159=CARTESIAN_POINT('',(148.72255,73.75,5.5));
#4160=CARTESIAN_POINT('',(148.72255,73.75,6.25));
#4161=CARTESIAN_POINT('',(163.72255,73.75,5.5));
#4162=CARTESIAN_POINT('',(168.17255,73.75,5.5));
#4163=CARTESIAN_POINT('',(163.72255,73.75,12.5));
#4164=CARTESIAN_POINT('',(163.72255,73.75,3.75));
#4165=CARTESIAN_POINT('',(171.92255,73.75,12.5));
#4166=CARTESIAN_POINT('Origin',(-178.62255,68.75,8.75));
#4167=CARTESIAN_POINT('Origin',(-178.62255,68.75,-0.613922804514524));
#4168=CARTESIAN_POINT('Origin',(-180.12255,-73.75,-18.1107227331784));
#4169=CARTESIAN_POINT('',(172.62255,18.4111309557187,-6.79475873646543));
#4170=CARTESIAN_POINT('',(180.12255,18.4111309557187,-6.79475873646543));
#4171=CARTESIAN_POINT('',(172.62255,-50.4269768838389,-15.2470155809323));
#4172=CARTESIAN_POINT('',(172.62255,-51.6463483009807,-15.3967355649636));
#4173=CARTESIAN_POINT('Origin',(167.62255,-50.4269768838389,-15.2470155809323));
#4174=CARTESIAN_POINT('',(152.62255,-23.75,-11.9714946880332));
#4175=CARTESIAN_POINT('',(152.62255,-46.0166922243818,-14.705500715564));
#4176=CARTESIAN_POINT('',(147.62255,-18.75,-11.3575718835187));
#4177=CARTESIAN_POINT('Origin',(147.62255,-23.75,-11.9714946880332));
#4178=CARTESIAN_POINT('',(-147.62255,-18.75,-11.3575718835187));
#4179=CARTESIAN_POINT('',(-166.37255,-18.75,-11.3575718835187));
#4180=CARTESIAN_POINT('',(-152.62255,-23.75,-11.9714946880332));
#4181=CARTESIAN_POINT('Origin',(-147.62255,-23.75,-11.9714946880332));
#4182=CARTESIAN_POINT('',(-152.62255,-122.851082490654,-24.1395775866506));
#4183=CARTESIAN_POINT('',(-172.62255,18.4111309557187,-6.79475873646543));
#4184=CARTESIAN_POINT('',(-172.62255,-51.6463483009807,-15.3967355649636));
#4185=CARTESIAN_POINT('',(-180.12255,18.4111309557187,-6.79475873646543));
#4186=CARTESIAN_POINT('Origin',(156.22255,34.25,5.5));
#4187=CARTESIAN_POINT('',(163.72255,73.75,5.5));
#4188=CARTESIAN_POINT('',(148.72255,73.75,5.5));
#4189=CARTESIAN_POINT('Origin',(163.72255,73.75,12.5));
#4190=CARTESIAN_POINT('',(148.72255,73.75,12.5));
#4191=CARTESIAN_POINT('',(163.72255,73.75,12.5));
#4192=CARTESIAN_POINT('Origin',(163.72255,73.75,7.5));
#4193=CARTESIAN_POINT('Origin',(148.72255,73.75,12.5));
#4194=CARTESIAN_POINT('Origin',(180.12255,-28.1653440080442,-119.283527523221));
#4195=CARTESIAN_POINT('',(172.62255,9.64585256940503,-5.91638927277554));
#4196=CARTESIAN_POINT('Origin',(172.62255,-28.1653440080442,-119.283527523221));
#4197=CARTESIAN_POINT('',(180.12255,9.64585256940503,-5.91638927277554));
#4198=CARTESIAN_POINT('Origin',(172.62255,-30.001770223205,-8.94389378939653));
#4199=CARTESIAN_POINT('',(172.62255,-48.2775865779306,-17.3964058868406));
#4200=CARTESIAN_POINT('Origin',(172.62255,15.9737440876157,13.056164296361));
#4201=CARTESIAN_POINT('Origin',(167.62255,-48.2775865779306,-17.3964058868406));
#4202=CARTESIAN_POINT('Origin',(-173.62255,-59.75,0.));
#4203=CARTESIAN_POINT('Origin',(147.62255,-23.75,-7.5));
#4204=CARTESIAN_POINT('',(147.62255,-18.75,-7.5));
#4205=CARTESIAN_POINT('',(152.62255,-23.75,-7.5));
#4206=CARTESIAN_POINT('Origin',(-152.62255,-18.75,-7.5));
#4207=CARTESIAN_POINT('',(-147.62255,-18.75,-7.5));
#4208=CARTESIAN_POINT('Origin',(-147.62255,-23.75,-7.5));
#4209=CARTESIAN_POINT('',(-152.62255,-23.75,-7.5));
#4210=CARTESIAN_POINT('Origin',(-152.62255,-174.735498504825,-7.5));
#4211=CARTESIAN_POINT('Origin',(152.62255,-18.75,-7.5));
#4212=CARTESIAN_POINT('Origin',(180.12255,15.9737440876157,13.056164296361));
#4213=CARTESIAN_POINT('Origin',(-180.12255,15.9737440876157,13.056164296361));
#4214=CARTESIAN_POINT('',(-172.62255,9.64585256940503,-5.91638927277554));
#4215=CARTESIAN_POINT('Origin',(-172.62255,15.9737440876157,13.056164296361));
#4216=CARTESIAN_POINT('',(-180.12255,9.64585256940503,-5.91638927277554));
#4217=CARTESIAN_POINT('Origin',(-172.62255,-30.001770223205,-8.94389378939653));
#4218=CARTESIAN_POINT('Origin',(-172.62255,-28.1653440080442,-119.283527523221));
#4219=CARTESIAN_POINT('Origin',(-180.12255,-28.1653440080442,-119.283527523221));
#4220=CARTESIAN_POINT('Origin',(-2.99994999999988,-61.25,16.));
#4221=CARTESIAN_POINT('',(-2.99994999999988,-61.25,-7.5));
#4222=CARTESIAN_POINT('',(3.00005000000012,-61.25,-7.5));
#4223=CARTESIAN_POINT('',(-77.81125,-61.25,-7.5));
#4224=CARTESIAN_POINT('',(-2.99994999999988,-61.25,-11.4950602766367));
#4225=CARTESIAN_POINT('',(-2.99994999999988,-61.25,16.));
#4226=CARTESIAN_POINT('',(3.00005000000012,-61.25,-11.4950602766367));
#4227=CARTESIAN_POINT('',(-77.81125,-61.25,-11.4950602766367));
#4228=CARTESIAN_POINT('',(3.00005000000012,-61.25,16.));
#4229=CARTESIAN_POINT('Origin',(3.00005000000012,-61.25,16.));
#4230=CARTESIAN_POINT('',(3.00005000000013,-65.2450602766367,-7.5));
#4231=CARTESIAN_POINT('',(3.00005000000013,-40.,-7.5));
#4232=CARTESIAN_POINT('',(3.00005000000013,-70.1212952074775,-2.62376506915916));
#4233=CARTESIAN_POINT('Origin',(-2.99994999999988,-67.25,16.));
#4234=CARTESIAN_POINT('',(-2.99994999999988,-65.2450602766367,-7.5));
#4235=CARTESIAN_POINT('',(-2.99994999999988,-43.,-7.5));
#4236=CARTESIAN_POINT('',(-2.99994999999988,-71.6212952074775,-1.12376506915915));
#4237=CARTESIAN_POINT('Origin',(-152.62255,-18.75,-7.5));
#4238=CARTESIAN_POINT('',(152.62255,-65.2450602766367,-7.5));
#4239=CARTESIAN_POINT('',(-152.62255,-65.2450602766367,-7.5));
#4240=CARTESIAN_POINT('',(152.62255,-23.75,-7.5));
#4241=CARTESIAN_POINT('',(152.62255,-30.3737650691592,-7.5));
#4242=CARTESIAN_POINT('',(147.62255,-18.75,-7.5));
#4243=CARTESIAN_POINT('Origin',(147.62255,-23.75,-7.5));
#4244=CARTESIAN_POINT('',(-147.62255,-18.75,-7.5));
#4245=CARTESIAN_POINT('',(-152.62255,-18.75,-7.5));
#4246=CARTESIAN_POINT('',(-152.62255,-23.75,-7.5));
#4247=CARTESIAN_POINT('Origin',(-147.62255,-23.75,-7.5));
#4248=CARTESIAN_POINT('',(-152.62255,-65.2450602766367,-7.5));
#4249=CARTESIAN_POINT('',(-152.62255,-18.75,-7.5));
#4250=CARTESIAN_POINT('',(-152.62255,-65.2450602766367,-7.5));
#4251=CARTESIAN_POINT('Origin',(147.62255,-23.75,-7.5));
#4252=CARTESIAN_POINT('',(152.62255,-23.75,-11.9714946880332));
#4253=CARTESIAN_POINT('',(152.62255,-23.75,-7.5));
#4254=CARTESIAN_POINT('',(147.62255,-18.75,-11.3575718835187));
#4255=CARTESIAN_POINT('Origin',(147.62255,-23.75,-11.9714946880332));
#4256=CARTESIAN_POINT('',(147.62255,-18.75,-7.5));
#4257=CARTESIAN_POINT('Origin',(-147.62255,-23.75,-7.5));
#4258=CARTESIAN_POINT('',(-147.62255,-18.75,-11.3575718835187));
#4259=CARTESIAN_POINT('',(-147.62255,-18.75,-7.5));
#4260=CARTESIAN_POINT('',(-152.62255,-23.75,-11.9714946880332));
#4261=CARTESIAN_POINT('Origin',(-147.62255,-23.75,-11.9714946880332));
#4262=CARTESIAN_POINT('',(-152.62255,-23.75,-7.5));
#4263=CARTESIAN_POINT('Origin',(152.62255,-41.9975301383183,-11.7601438320663));
#4264=CARTESIAN_POINT('',(152.62255,-56.7247726125041,-16.0202876641326));
#4265=CARTESIAN_POINT('',(152.62255,-58.3681417840405,-14.3769184925962));
#4266=CARTESIAN_POINT('',(152.62255,-49.2128613679793,-15.0979409404321));
#4267=CARTESIAN_POINT('Origin',(-152.62255,-56.7247726125041,-16.0202876641326));
#4268=CARTESIAN_POINT('',(-152.62255,-56.7247726125041,-16.0202876641326));
#4269=CARTESIAN_POINT('',(-152.62255,-56.7247726125041,-16.0202876641326));
#4270=CARTESIAN_POINT('',(-152.62255,-122.851082490654,-24.1395775866506));
#4271=CARTESIAN_POINT('',(-152.62255,-18.75,-11.3575718835187));
#4272=CARTESIAN_POINT('Origin',(-152.62255,-65.2450602766367,-7.5));
#4273=CARTESIAN_POINT('',(-152.62255,-88.3575260016174,15.6124657249808));
#4274=CARTESIAN_POINT('Origin',(-152.62255,-18.75,-11.3575718835187));
#4275=CARTESIAN_POINT('Origin',(-152.62255,-174.735498504825,-7.5));
#4276=UNCERTAINTY_MEASURE_WITH_UNIT(LENGTH_MEASURE(0.01),#4280,
'DISTANCE_ACCURACY_VALUE',
'Maximum model space distance between geometric entities at asserted c
onnectivities');
#4277=UNCERTAINTY_MEASURE_WITH_UNIT(LENGTH_MEASURE(0.01),#4280,
'DISTANCE_ACCURACY_VALUE',
'Maximum model space distance between geometric entities at asserted c
onnectivities');
#4278=(
GEOMETRIC_REPRESENTATION_CONTEXT(3)
GLOBAL_UNCERTAINTY_ASSIGNED_CONTEXT((#4276))
GLOBAL_UNIT_ASSIGNED_CONTEXT((#4280,#4282,#4283))
REPRESENTATION_CONTEXT('','3D')
);
#4279=(
GEOMETRIC_REPRESENTATION_CONTEXT(3)
GLOBAL_UNCERTAINTY_ASSIGNED_CONTEXT((#4277))
GLOBAL_UNIT_ASSIGNED_CONTEXT((#4280,#4282,#4283))
REPRESENTATION_CONTEXT('','3D')
);
#4280=(
LENGTH_UNIT()
NAMED_UNIT(*)
SI_UNIT(.MILLI.,.METRE.)
);
#4281=(
LENGTH_UNIT()
NAMED_UNIT(*)
SI_UNIT($,.METRE.)
);
#4282=(
NAMED_UNIT(*)
PLANE_ANGLE_UNIT()
SI_UNIT($,.RADIAN.)
);
#4283=(
NAMED_UNIT(*)
SI_UNIT($,.STERADIAN.)
SOLID_ANGLE_UNIT()
);
#4284=SHAPE_DEFINITION_REPRESENTATION(#4285,#4286);
#4285=PRODUCT_DEFINITION_SHAPE('',$,#4288);
#4286=SHAPE_REPRESENTATION('',(#2620),#4278);
#4287=PRODUCT_DEFINITION_CONTEXT('part definition',#4292,'design');
#4288=PRODUCT_DEFINITION('2026-05-10-10-35-42-910','case',#4289,#4287);
#4289=PRODUCT_DEFINITION_FORMATION('',$,#4294);
#4290=PRODUCT_RELATED_PRODUCT_CATEGORY('case','case',(#4294));
#4291=APPLICATION_PROTOCOL_DEFINITION('international standard',
'automotive_design',2009,#4292);
#4292=APPLICATION_CONTEXT(
'Core Data for Automotive Mechanical Design Process');
#4293=PRODUCT_CONTEXT('part definition',#4292,'mechanical');
#4294=PRODUCT('2026-05-10-10-35-42-910','case',$,(#4293));
#4295=PRESENTATION_STYLE_ASSIGNMENT((#4296));
#4296=SURFACE_STYLE_USAGE(.BOTH.,#4297);
#4297=SURFACE_SIDE_STYLE('',(#4298));
#4298=SURFACE_STYLE_FILL_AREA(#4299);
#4299=FILL_AREA_STYLE('Steel - Satin',(#4300));
#4300=FILL_AREA_STYLE_COLOUR('Steel - Satin',#4301);
#4301=COLOUR_RGB('Steel - Satin',0.627450980392157,0.627450980392157,0.627450980392157);
ENDSEC;
END-ISO-10303-21;
